org_state,dest_state,month,avg_nb_shp
CA,CA,January,913
MN,MN,January,501
IA,IA,January,408
IA,MN,January,239
TX,TX,January,220
NY,NY,January,190
ID,ID,January,156
WI,WI,January,143
MI,MI,January,120
FL,FL,January,109
IA,WI,January,76
NM,TX,January,69
KS,KS,January,60
WI,MN,January,54
CO,CO,January,48
WA,WA,January,47
PA,PA,January,47
MN,IA,January,43
IA,SD,January,42
MN,WI,January,38
NY,PA,January,35
NY,VT,January,35
OH,OH,January,34
NM,NM,January,34
IN,IN,January,27
WI,IA,January,23
OK,TX,January,23
CA,AZ,January,23
NY,MI,January,22
IA,IL,January,20
AZ,AZ,January,20
TX,NM,January,20
KS,TX,January,20
KY,KY,January,20
WI,MI,January,19
NY,OH,January,19
CA,ID,January,19
MD,PA,January,17
IA,NE,January,17
SD,MN,January,17
MN,SD,January,16
OK,OK,January,15
GA,GA,January,15
GA,FL,January,15
PA,NY,January,14
NE,NE,January,13
TX,KS,January,13
IL,IL,January,12
MD,MD,January,12
CA,TX,January,12
MI,IN,January,12
IL,WI,January,12
NY,MN,January,12
SD,SD,January,11
IN,MI,January,11
IN,OH,January,11
OK,KS,January,11
UT,ID,January,11
IA,MO,January,11
KS,CO,January,10
PA,MD,January,10
WI,IL,January,10
MO,MO,January,10
ID,CA,January,10
VT,VT,January,10
MI,OH,January,10
NY,WI,January,10
NE,IA,January,9
IA,KS,January,9
KS,MN,January,9
OH,MI,January,9
MI,WI,January,9
OH,IN,January,8
NY,IN,January,8
TX,OK,January,8
SD,IA,January,8
WI,IN,January,8
PA,OH,January,7
TN,TN,January,7
OR,OR,January,7
TX,CO,January,7
TX,MN,January,7
ID,WA,January,7
KS,IA,January,7
ND,MN,January,7
CA,NV,January,7
NY,MD,January,7
TN,KY,January,7
NY,TX,January,6
ID,UT,January,6
IL,IA,January,6
IA,MI,January,6
CA,WA,January,6
ID,TX,January,6
FL,GA,January,6
KS,OK,January,6
CA,CO,January,6
IL,MN,January,6
CA,MN,January,6
CO,WY,January,6
NY,IA,January,6
UT,UT,January,6
KY,IN,January,6
WI,OH,January,5
MD,NY,January,5
NE,MN,January,5
NY,FL,January,5
IL,IN,January,5
CO,TX,January,5
ID,CO,January,5
ID,MN,January,5
CO,KS,January,5
VA,VA,January,5
MO,IA,January,5
PA,MI,January,5
MO,MN,January,5
NM,KS,January,5
KY,OH,January,5
NE,KS,January,5
IA,IN,January,5
OR,WA,January,4
IN,WI,January,4
TX,IA,January,4
WI,TX,January,4
MD,OH,January,4
CA,KS,January,4
NY,MA,January,4
WA,ID,January,4
ID,OR,January,4
ID,WY,January,4
NY,KY,January,4
NM,CO,January,4
MO,TX,January,4
MO,KS,January,4
TX,AZ,January,4
CA,OR,January,4
ND,ND,January,4
NE,SD,January,4
IL,MI,January,4
ID,AZ,January,4
NM,AZ,January,4
WI,SD,January,3
IA,TX,January,3
KS,WI,January,3
WI,KS,January,3
IN,KY,January,3
CA,UT,January,3
VA,PA,January,3
IN,MN,January,3
MI,MN,January,3
WA,OR,January,3
KS,NE,January,3
ID,KS,January,3
OH,PA,January,3
NY,KS,January,3
TX,WI,January,3
TX,FL,January,3
KS,MO,January,3
CA,NM,January,3
FL,TX,January,3
TX,CA,January,3
VA,OH,January,3
OH,WI,January,3
CO,MN,January,3
AR,TX,January,3
MO,WI,January,3
MT,ID,January,3
OH,NY,January,3
KY,TN,January,3
NY,VA,January,3
CA,IA,January,3
MD,MI,January,3
OH,MN,January,3
NC,NC,January,3
KS,SD,January,3
UT,CA,January,3
TN,FL,January,3
TN,IN,January,3
PA,MN,January,3
MN,MI,January,2
TN,OH,January,2
KY,MI,January,2
ND,SD,January,2
SC,FL,January,2
CA,WY,January,2
OH,KY,January,2
NY,IL,January,2
PA,VT,January,2
MD,VA,January,2
TX,MI,January,2
NY,NJ,January,2
SC,GA,January,2
IA,CO,January,2
KS,NM,January,2
ID,IA,January,2
PA,IN,January,2
TN,TX,January,2
OR,ID,January,2
PA,WI,January,2
WI,NY,January,2
IN,IL,January,2
TN,MN,January,2
WA,CA,January,2
NM,MN,January,2
TX,ID,January,2
IL,OH,January,2
IA,OH,January,2
TN,MI,January,2
UT,TX,January,2
WI,MO,January,2
UT,CO,January,2
VA,MD,January,2
PA,VA,January,2
CA,WI,January,2
KY,MN,January,2
WI,KY,January,2
TX,MO,January,2
PA,NJ,January,2
NY,CT,January,2
MO,IL,January,2
IN,IA,January,2
TN,GA,January,2
GA,TN,January,2
NM,OK,January,2
IL,MO,January,2
KS,MI,January,2
GA,KY,January,2
NY,CO,January,2
WV,OH,January,2
WI,CO,January,2
TX,SD,January,2
SD,WI,January,2
NY,SD,January,2
GA,TX,January,2
MN,KS,January,2
KY,WI,January,2
PA,FL,January,2
IL,KY,January,2
TX,IN,January,2
VA,NY,January,2
NE,CO,January,2
AR,MO,January,2
TN,WI,January,2
NY,GA,January,2
MO,MI,January,2
TX,OH,January,2
MN,IL,January,2
FL,MN,January,2
CA,SD,January,1
PA,TX,January,1
MO,IN,January,1
ID,SD,January,1
IL,TX,January,1
UT,AZ,January,1
MI,NY,January,1
GA,OH,January,1
VA,MI,January,1
NM,CA,January,1
KY,TX,January,1
AZ,CA,January,1
MA,NY,January,1
CO,IA,January,1
MI,IA,January,1
NC,FL,January,1
ID,WI,January,1
NC,VA,January,1
MN,NE,January,1
CA,MI,January,1
NJ,PA,January,1
NY,TN,January,1
AZ,TX,January,1
MN,ND,January,1
OK,CO,January,1
NC,OH,January,1
NY,MO,January,1
OH,TX,January,1
SD,TX,January,1
ND,IA,January,1
SD,KS,January,1
KS,AZ,January,1
MD,MN,January,1
KY,FL,January,1
PA,KY,January,1
WI,FL,January,1
NY,CA,January,1
OH,IA,January,1
KS,CA,January,1
FL,OH,January,1
CT,NY,January,1
WV,PA,January,1
GA,MN,January,1
KS,ID,January,1
WI,PA,January,1
IN,TX,January,1
KS,WY,January,1
TN,IA,January,1
CO,ID,January,1
PA,IA,January,1
ID,NV,January,1
MD,IN,January,1
VA,KY,January,1
KS,IN,January,1
FL,MI,January,1
SC,SC,January,1
ID,NM,January,1
TX,WY,January,1
OR,CA,January,1
IA,KY,January,1
WY,WY,January,1
MI,IL,January,1
MN,TX,January,1
CA,FL,January,1
MT,MN,January,1
NM,IA,January,1
KY,IL,January,1
GA,MI,January,1
MO,OK,January,1
SD,NE,January,1
UT,MN,January,1
FL,KY,January,1
VA,IN,January,1
GA,IN,January,1
TX,KY,January,1
MD,WI,January,1
VA,FL,January,1
NY,ID,January,1
AR,KS,January,1
KY,IA,January,1
CO,SD,January,1
MN,IN,January,1
TX,NE,January,1
GA,SC,January,1
SD,CO,January,1
VT,NY,January,1
MD,FL,January,1
KS,OH,January,1
CO,NE,January,1
OK,NM,January,1
WI,NE,January,1
ID,MI,January,1
MD,VT,January,1
WA,TX,January,1
UT,WY,January,1
IN,NY,January,1
MA,VT,January,1
KS,FL,January,1
ND,WI,January,1
FL,WI,January,1
CA,OK,January,1
MO,KY,January,1
NM,ID,January,1
WA,MN,January,1
OK,MN,January,1
VA,MN,January,1
IL,KS,January,1
OK,MO,January,1
OH,FL,January,1
NC,GA,January,1
FL,IN,January,1
NC,KY,January,1
NC,MI,January,1
MO,OH,January,1
AR,MN,January,1
NE,TX,January,1
TX,NY,January,1
TX,IL,January,1
NH,VT,January,1
NC,PA,January,1
IA,OK,January,1
MN,CO,January,1
OH,IL,January,1
NY,AZ,January,1
MD,TX,January,1
TN,NY,January,1
TN,IL,January,1
MD,KY,January,1
GA,WI,January,1
CO,NM,January,1
UT,KS,January,1
MO,CO,January,1
MI,PA,January,1
AR,OK,January,1
NJ,NY,January,1
CO,CA,January,1
KS,IL,January,1
NC,TN,January,1
WI,ID,January,1
KY,NY,January,1
NY,ME,January,1
TN,KS,January,1
CA,IN,January,1
CA,OH,January,1
SC,OH,January,1
MD,NJ,January,1
MA,MA,January,1
FL,IA,January,1
KY,GA,January,1
NC,IN,January,1
VA,WI,January,1
KY,PA,January,1
CO,AZ,January,1
IN,PA,January,1
NY,NH,January,1
FL,NY,January,1
WV,MD,January,1
OK,IA,January,1
TN,PA,January,1
NC,NY,January,1
NE,WI,January,1
NY,OK,January,1
VA,TX,January,1
CA,NE,January,1
SC,KY,January,1
IA,ND,January,1
MO,FL,January,1
ND,TX,January,1
MI,KY,January,1
NY,NC,January,1
TN,MO,January,1
MO,SD,January,1
FL,KS,January,1
MN,MO,January,1
WV,MI,January,1
MT,WY,January,1
IN,FL,January,1
SC,MI,January,1
NM,WI,January,1
MT,WA,January,1
KS,KY,January,1
PA,KS,January,1
WY,CO,January,1
IN,KS,January,1
ID,MT,January,1
NC,MN,January,1
GA,NY,January,1
AR,IA,January,1
CO,WI,January,1
WI,OK,January,1
CA,CA,February,825
MN,MN,February,454
IA,IA,February,368
IA,MN,February,215
TX,TX,February,198
NY,NY,February,171
ID,ID,February,141
WI,WI,February,129
MI,MI,February,109
FL,FL,February,100
IA,WI,February,69
NM,TX,February,63
KS,KS,February,54
WI,MN,February,50
CO,CO,February,43
PA,PA,February,42
WA,WA,February,42
MN,IA,February,39
IA,SD,February,38
MN,WI,February,35
NY,PA,February,32
NY,VT,February,31
OH,OH,February,30
NM,NM,February,30
IN,IN,February,24
WI,IA,February,21
OK,TX,February,21
CA,AZ,February,21
NY,MI,February,20
AZ,AZ,February,19
IA,IL,February,18
TX,NM,February,18
KS,TX,February,17
WI,MI,February,17
KY,KY,February,17
CA,ID,February,17
NY,OH,February,17
SD,MN,February,15
MD,PA,February,15
IA,NE,February,15
MN,SD,February,15
OK,OK,February,14
GA,GA,February,13
GA,FL,February,13
PA,NY,February,12
TX,KS,February,12
NE,NE,February,12
IL,IL,February,11
MD,MD,February,11
MI,IN,February,11
IL,WI,February,11
CA,TX,February,11
NY,MN,February,10
SD,SD,February,10
IN,OH,February,10
IN,MI,February,10
UT,ID,February,10
OK,KS,February,10
IA,MO,February,10
KS,CO,February,9
VT,VT,February,9
WI,IL,February,9
PA,MD,February,9
ID,CA,February,9
MO,MO,February,9
MI,OH,February,9
NY,WI,February,9
NE,IA,February,8
IA,KS,February,8
OH,MI,February,8
KS,MN,February,8
MI,WI,February,8
OH,IN,February,8
NY,IN,February,7
TX,OK,February,7
SD,IA,February,7
WI,IN,February,7
PA,OH,February,7
TN,TN,February,7
OR,OR,February,7
TX,CO,February,7
TX,MN,February,6
KS,IA,February,6
ID,WA,February,6
NY,MD,February,6
ND,MN,February,6
TN,KY,February,6
ID,UT,February,6
ID,TX,February,6
IL,IA,February,6
CA,NV,February,6
NY,TX,February,6
IA,MI,February,5
FL,GA,February,5
CA,WA,February,5
CA,CO,February,5
IL,MN,February,5
CA,MN,February,5
KS,OK,February,5
CO,WY,February,5
NY,IA,February,5
UT,UT,February,5
KY,IN,February,5
MD,NY,February,5
WI,OH,February,5
NE,MN,February,5
VA,VA,February,5
IL,IN,February,5
CO,TX,February,5
CO,KS,February,5
ID,MN,February,4
PA,MI,February,4
ID,CO,February,4
MO,MN,February,4
MO,IA,February,4
NY,FL,February,4
NM,KS,February,4
KY,OH,February,4
NE,KS,February,4
IA,IN,February,4
WI,TX,February,4
OR,WA,February,4
NY,MA,February,4
WA,ID,February,4
IN,WI,February,4
CA,KS,February,4
MD,OH,February,4
TX,IA,February,4
MO,KS,February,4
ID,WY,February,4
TX,AZ,February,4
NM,CO,February,4
ID,OR,February,4
CA,OR,February,4
NE,SD,February,3
MO,TX,February,3
NY,KY,February,3
ND,ND,February,3
IL,MI,February,3
NM,AZ,February,3
ID,AZ,February,3
IA,TX,February,3
WI,SD,February,3
WI,KS,February,3
KS,NE,February,3
VA,PA,February,3
MI,MN,February,3
IN,MN,February,3
WA,OR,February,3
IN,KY,February,3
CA,UT,February,3
KS,WI,February,3
TX,WI,February,3
ID,KS,February,3
NY,KS,February,3
OH,PA,February,3
FL,TX,February,3
TX,FL,February,3
CA,NM,February,3
KS,MO,February,3
CO,MN,February,3
AR,TX,February,3
TX,CA,February,3
MO,WI,February,3
KY,TN,February,2
OH,WI,February,2
CA,IA,February,2
OH,NY,February,2
VA,OH,February,2
NY,VA,February,2
OH,MN,February,2
UT,CA,February,2
PA,MN,February,2
NC,NC,February,2
MT,ID,February,2
TN,OH,February,2
TN,IN,February,2
MN,MI,February,2
ND,SD,February,2
KS,SD,February,2
SC,FL,February,2
TN,FL,February,2
KY,MI,February,2
NY,NJ,February,2
OH,KY,February,2
MD,MI,February,2
PA,VT,February,2
MD,VA,February,2
NY,IL,February,2
CA,WY,February,2
SC,GA,February,2
IA,CO,February,2
TX,MI,February,2
PA,IN,February,2
IN,IL,February,2
WI,NY,February,2
TN,TX,February,2
KS,NM,February,2
TN,MN,February,2
ID,IA,February,2
OR,ID,February,2
IA,OH,February,2
PA,WI,February,2
NM,MN,February,2
TX,ID,February,2
WA,CA,February,2
UT,TX,February,2
TN,MI,February,2
IL,OH,February,2
WI,MO,February,2
MO,IL,February,2
KS,MI,February,2
VA,MD,February,2
UT,CO,February,2
PA,VA,February,2
KY,MN,February,2
NY,CT,February,2
NM,OK,February,2
CA,WI,February,2
NY,CO,February,2
IN,IA,February,2
TN,GA,February,2
NY,SD,February,2
WV,OH,February,2
PA,NJ,February,2
GA,TN,February,2
IL,MO,February,2
WI,KY,February,2
GA,TX,February,1
WI,CO,February,1
SD,WI,February,1
MN,KS,February,1
TX,MO,February,1
GA,KY,February,1
TX,SD,February,1
FL,MN,February,1
VA,NY,February,1
TX,IN,February,1
KY,WI,February,1
MO,MI,February,1
TN,WI,February,1
PA,TX,February,1
NY,GA,February,1
PA,FL,February,1
IL,KY,February,1
NE,CO,February,1
MO,IN,February,1
CA,SD,February,1
CO,IA,February,1
UT,AZ,February,1
VA,MI,February,1
TX,OH,February,1
IL,TX,February,1
GA,OH,February,1
MN,IL,February,1
AR,MO,February,1
ID,SD,February,1
MI,IA,February,1
ID,WI,February,1
MI,NY,February,1
MA,NY,February,1
NJ,PA,February,1
NC,FL,February,1
OK,CO,February,1
NC,VA,February,1
AZ,TX,February,1
NM,CA,February,1
KY,TX,February,1
MN,ND,February,1
NC,OH,February,1
MN,NE,February,1
SD,TX,February,1
NY,CA,February,1
WV,PA,February,1
AZ,CA,February,1
NY,MO,February,1
MD,MN,February,1
OH,TX,February,1
CA,MI,February,1
CT,NY,February,1
GA,MN,February,1
WI,FL,February,1
SD,KS,February,1
OH,IA,February,1
CO,ID,February,1
KY,FL,February,1
NY,TN,February,1
WI,PA,February,1
MD,IN,February,1
KS,AZ,February,1
KS,CA,February,1
MI,IL,February,1
VA,KY,February,1
ND,IA,February,1
MN,TX,February,1
KS,IN,February,1
SD,NE,February,1
OR,CA,February,1
KS,ID,February,1
KS,WY,February,1
PA,KY,February,1
SC,SC,February,1
FL,OH,February,1
TX,WY,February,1
IN,TX,February,1
FL,MI,February,1
ID,NV,February,1
NY,ID,February,1
KY,IL,February,1
ID,NM,February,1
PA,IA,February,1
GA,MI,February,1
CO,SD,February,1
WY,WY,February,1
IA,KY,February,1
NM,IA,February,1
MD,WI,February,1
TX,NE,February,1
TN,IA,February,1
GA,IN,February,1
UT,MN,February,1
IN,NY,February,1
AR,KS,February,1
TX,KY,February,1
VA,IN,February,1
CA,FL,February,1
MN,IN,February,1
MT,MN,February,1
MO,OK,February,1
VA,FL,February,1
VT,NY,February,1
KS,FL,February,1
KY,IA,February,1
FL,WI,February,1
CO,NE,February,1
MA,VT,February,1
WA,TX,February,1
UT,WY,February,1
WI,NE,February,1
FL,KY,February,1
OH,FL,February,1
SD,CO,February,1
FL,IN,February,1
OK,MO,February,1
MO,OH,February,1
MD,VT,February,1
IL,KS,February,1
TX,IL,February,1
ND,WI,February,1
OK,MN,February,1
GA,SC,February,1
MO,KY,February,1
VA,MN,February,1
CA,OK,February,1
ID,MI,February,1
WA,MN,February,1
KS,OH,February,1
NE,TX,February,1
AR,MN,February,1
NY,AZ,February,1
MD,FL,February,1
OK,NM,February,1
NC,KY,February,1
TX,NY,February,1
GA,WI,February,1
NM,ID,February,1
NC,GA,February,1
NH,VT,February,1
CO,NM,February,1
AR,OK,February,1
NC,PA,February,1
NC,MI,February,1
IA,OK,February,1
OH,IL,February,1
MI,PA,February,1
KS,IL,February,1
MD,KY,February,1
TN,IL,February,1
TN,NY,February,1
UT,KS,February,1
MN,CO,February,1
TN,KS,February,1
MD,TX,February,1
CO,CA,February,1
MD,NJ,February,1
VA,WI,February,1
KY,NY,February,1
CA,OH,February,1
NJ,NY,February,1
TN,PA,February,1
FL,NY,February,1
ND,TX,February,1
SC,OH,February,1
NY,NH,February,1
IN,PA,February,1
FL,IA,February,1
MA,MA,February,1
NC,IN,February,1
NY,ME,February,1
KY,GA,February,1
MO,CO,February,1
NC,TN,February,1
CO,AZ,February,1
IA,ND,February,1
MI,KY,February,1
KY,PA,February,1
MO,SD,February,1
CA,IN,February,1
CA,CA,March,912
MN,MN,March,502
IA,IA,March,409
IA,MN,March,238
TX,TX,March,220
NY,NY,March,189
ID,ID,March,158
WI,WI,March,143
MI,MI,March,120
FL,FL,March,110
IA,WI,March,77
NM,TX,March,69
KS,KS,March,59
WI,MN,March,55
CO,CO,March,48
WA,WA,March,47
PA,PA,March,46
MN,IA,March,43
IA,SD,March,42
MN,WI,March,38
NY,PA,March,35
NY,VT,March,35
OH,OH,March,34
NM,NM,March,34
IN,IN,March,27
WI,IA,March,24
OK,TX,March,23
CA,AZ,March,23
NY,MI,March,22
IA,IL,March,20
AZ,AZ,March,20
KY,KY,March,20
TX,NM,March,19
KS,TX,March,19
WI,MI,March,19
CA,ID,March,19
NY,OH,March,19
MD,PA,March,17
SD,MN,March,17
IA,NE,March,17
MN,SD,March,16
OK,OK,March,15
GA,GA,March,15
GA,FL,March,15
PA,NY,March,14
TX,KS,March,13
NE,NE,March,13
IL,IL,March,12
CA,TX,March,12
MI,IN,March,12
MD,MD,March,12
IL,WI,March,12
NY,MN,March,12
SD,SD,March,11
IN,MI,March,11
IN,OH,March,11
UT,ID,March,11
OK,KS,March,11
IA,MO,March,11
KS,CO,March,10
VT,VT,March,10
MO,MO,March,10
PA,MD,March,10
WI,IL,March,10
ID,CA,March,10
NE,IA,March,10
MI,OH,March,10
NY,WI,March,10
IA,KS,March,9
KS,MN,March,9
OH,MI,March,9
MI,WI,March,9
OH,IN,March,8
NY,IN,March,8
TX,OK,March,8
WI,IN,March,8
SD,IA,March,8
PA,OH,March,7
TX,CO,March,7
OR,OR,March,7
TN,TN,March,7
TX,MN,March,7
ID,WA,March,7
KS,IA,March,7
CA,NV,March,7
ND,MN,March,7
NY,MD,March,7
TN,KY,March,7
ID,UT,March,6
NY,TX,March,6
IL,IA,March,6
CA,WA,March,6
ID,TX,March,6
IA,MI,March,6
FL,GA,March,6
CA,CO,March,6
IL,MN,March,6
CA,MN,March,6
CO,WY,March,6
KS,OK,March,6
KY,IN,March,6
UT,UT,March,6
NY,IA,March,5
NE,MN,March,5
WI,OH,March,5
IL,IN,March,5
MD,NY,March,5
CO,TX,March,5
ID,CO,March,5
NY,FL,March,5
CO,KS,March,5
VA,VA,March,5
PA,MI,March,5
MO,IA,March,5
MO,MN,March,5
ID,MN,March,5
NM,KS,March,5
IA,IN,March,5
NE,KS,March,5
KY,OH,March,5
NY,MA,March,4
OR,WA,March,4
WI,TX,March,4
CA,KS,March,4
IN,WI,March,4
MD,OH,March,4
WA,ID,March,4
ID,WY,March,4
NY,KY,March,4
TX,IA,March,4
MO,KS,March,4
NM,CO,March,4
TX,AZ,March,4
CA,OR,March,4
ID,OR,March,4
ND,ND,March,4
NE,SD,March,4
MO,TX,March,4
IL,MI,March,4
NM,AZ,March,4
ID,AZ,March,3
WI,SD,March,3
KS,WI,March,3
IA,TX,March,3
CA,UT,March,3
WI,KS,March,3
MI,MN,March,3
VA,PA,March,3
IN,KY,March,3
KS,NE,March,3
WA,OR,March,3
IN,MN,March,3
TX,WI,March,3
CA,NM,March,3
NY,KS,March,3
TX,CA,March,3
ID,KS,March,3
TX,FL,March,3
OH,PA,March,3
FL,TX,March,3
AR,TX,March,3
KS,MO,March,3
CO,MN,March,3
MO,WI,March,3
KY,TN,March,3
OH,NY,March,3
VA,OH,March,3
OH,WI,March,3
MT,ID,March,3
CA,IA,March,3
UT,CA,March,3
NY,VA,March,3
TN,IN,March,3
OH,MN,March,3
PA,MN,March,3
KS,SD,March,3
TN,OH,March,3
MD,MI,March,3
MN,MI,March,3
TN,FL,March,3
NC,NC,March,2
MD,VA,March,2
KY,MI,March,2
CA,WY,March,2
SC,FL,March,2
ND,SD,March,2
NY,IL,March,2
OH,KY,March,2
NY,NJ,March,2
SC,GA,March,2
IA,CO,March,2
PA,VT,March,2
TX,MI,March,2
PA,IN,March,2
WI,NY,March,2
ID,IA,March,2
IN,IL,March,2
OR,ID,March,2
TN,MN,March,2
TX,ID,March,2
PA,WI,March,2
TN,TX,March,2
KS,NM,March,2
NM,MN,March,2
IL,OH,March,2
UT,TX,March,2
IA,OH,March,2
WA,CA,March,2
TN,MI,March,2
KY,MN,March,2
IN,IA,March,2
PA,NJ,March,2
UT,CO,March,2
WI,MO,March,2
TN,GA,March,2
MO,IL,March,2
IL,MO,March,2
PA,VA,March,2
NY,CO,March,2
TX,MO,March,2
VA,MD,March,2
WI,KY,March,2
CA,WI,March,2
NY,SD,March,2
GA,KY,March,2
NM,OK,March,2
GA,TN,March,2
SD,WI,March,2
KS,MI,March,2
KY,WI,March,2
GA,TX,March,2
TX,SD,March,2
WV,OH,March,2
NY,CT,March,2
MN,KS,March,2
VA,NY,March,2
CA,SD,March,2
AR,MO,March,2
PA,FL,March,2
VA,MI,March,2
WI,CO,March,2
PA,TX,March,2
TX,IN,March,2
TN,WI,March,2
IL,KY,March,2
NY,GA,March,2
TX,OH,March,2
MO,MI,March,2
FL,MN,March,2
NE,CO,March,2
UT,AZ,March,1
MI,NY,March,1
MO,IN,March,1
MN,IL,March,1
ID,WI,March,1
ID,SD,March,1
NC,FL,March,1
KY,TX,March,1
IL,TX,March,1
NJ,PA,March,1
MA,NY,March,1
GA,OH,March,1
WI,FL,March,1
MN,NE,March,1
MI,IA,March,1
AZ,CA,March,1
MN,ND,March,1
CO,IA,March,1
NM,CA,March,1
NY,TN,March,1
AZ,TX,March,1
NC,VA,March,1
OK,CO,March,1
WV,PA,March,1
SD,KS,March,1
NC,OH,March,1
MD,MN,March,1
ND,IA,March,1
MD,IN,March,1
SD,TX,March,1
NY,MO,March,1
CT,NY,March,1
KY,FL,March,1
NY,CA,March,1
PA,KY,March,1
CA,MI,March,1
IN,TX,March,1
OH,TX,March,1
GA,MN,March,1
KS,AZ,March,1
KS,WY,March,1
FL,OH,March,1
KS,IN,March,1
VA,KY,March,1
KS,CA,March,1
KS,ID,March,1
SC,SC,March,1
OH,IA,March,1
ID,NV,March,1
CO,ID,March,1
MI,IL,March,1
OR,CA,March,1
WI,PA,March,1
TN,IA,March,1
MN,TX,March,1
NY,ID,March,1
TX,WY,March,1
FL,MI,March,1
PA,IA,March,1
VA,IN,March,1
WY,WY,March,1
MT,MN,March,1
CA,FL,March,1
GA,MI,March,1
CO,SD,March,1
AR,KS,March,1
SD,NE,March,1
UT,MN,March,1
NM,IA,March,1
ID,NM,March,1
MD,WI,March,1
FL,KY,March,1
TX,NE,March,1
KY,IL,March,1
IA,KY,March,1
VA,FL,March,1
VT,NY,March,1
IN,NY,March,1
MN,IN,March,1
GA,IN,March,1
WI,NE,March,1
TX,KY,March,1
KY,IA,March,1
KS,FL,March,1
MO,OK,March,1
GA,SC,March,1
UT,WY,March,1
OH,FL,March,1
MO,OH,March,1
MD,FL,March,1
CO,NE,March,1
CA,OK,March,1
MO,KY,March,1
MA,VT,March,1
IL,KS,March,1
SD,CO,March,1
OK,MN,March,1
TX,NY,March,1
WA,MN,March,1
KS,OH,March,1
NC,KY,March,1
FL,WI,March,1
OK,NM,March,1
OK,MO,March,1
NM,ID,March,1
WA,TX,March,1
ND,WI,March,1
ID,MI,March,1
NY,AZ,March,1
NE,TX,March,1
MD,VT,March,1
VA,MN,March,1
AR,MN,March,1
NC,PA,March,1
NH,VT,March,1
FL,IN,March,1
CO,NM,March,1
NC,MI,March,1
NC,GA,March,1
TX,IL,March,1
MD,TX,March,1
MI,PA,March,1
KS,IL,March,1
GA,WI,March,1
TN,NY,March,1
UT,KS,March,1
IA,OK,March,1
AR,OK,March,1
CA,OH,March,1
MD,KY,March,1
SC,OH,March,1
CO,AZ,March,1
CO,CA,March,1
MN,CO,March,1
NJ,NY,March,1
MO,CO,March,1
OH,IL,March,1
TN,IL,March,1
CA,IN,March,1
VA,WI,March,1
KY,NY,March,1
NC,TN,March,1
TN,KS,March,1
MD,NJ,March,1
WI,ID,March,1
FL,NY,March,1
IN,FL,March,1
FL,IA,March,1
IN,PA,March,1
IA,ND,March,1
MO,FL,March,1
FL,KS,March,1
KY,GA,March,1
MN,OH,March,1
NY,NH,March,1
TN,PA,March,1
NY,ME,March,1
MN,MO,March,1
NY,OK,March,1
KY,PA,March,1
OK,IA,March,1
MA,MA,March,1
MT,MT,March,1
MT,WA,March,1
MO,SD,March,1
NC,IN,March,1
FL,TN,March,1
NC,NY,March,1
VA,TX,March,1
TN,MO,March,1
CO,WI,March,1
ID,MT,March,1
ND,TX,March,1
NE,WI,March,1
GA,NY,March,1
MT,WY,March,1
WV,MD,March,1
MI,KY,March,1
MT,TX,March,1
WY,CO,March,1
CA,NE,March,1
NY,NE,March,1
AR,IA,March,1
PA,KS,March,1
KS,KY,March,1
CA,CA,April,2073
IA,IA,April,799
MN,MN,April,317
NY,NY,April,315
IA,MN,April,228
TX,TX,April,179
WI,WI,April,156
NY,PA,April,127
ID,ID,April,107
WA,WA,April,93
IA,WI,April,81
PA,PA,April,69
KS,KS,April,69
MI,MI,April,63
FL,FL,April,62
MN,IA,April,61
IN,IN,April,54
OH,OH,April,50
WI,MN,April,49
NY,VT,April,48
NY,OH,April,43
MN,WI,April,40
WI,IA,April,36
TX,NM,April,35
CO,CO,April,35
IA,SD,April,34
VT,VT,April,33
NY,MI,April,32
AZ,AZ,April,31
IA,IL,April,29
OK,TX,April,28
NY,IN,April,23
CA,AZ,April,21
WI,MI,April,20
KS,TX,April,20
SD,MN,April,19
MO,MO,April,18
NY,WI,April,18
NE,NE,April,17
IA,NE,April,16
GA,GA,April,16
WI,IL,April,16
KY,KY,April,15
WI,IN,April,15
IN,OH,April,15
OH,IN,April,15
SD,IA,April,15
NY,MA,April,15
NY,MN,April,14
MD,PA,April,13
VT,NY,April,13
NY,CT,April,13
NY,MD,April,13
CA,ID,April,13
PA,NY,April,12
ID,CA,April,12
IA,MO,April,12
KS,IA,April,12
NY,IA,April,11
MI,IN,April,11
KS,CO,April,11
IN,MI,April,11
OK,KS,April,11
NM,NM,April,11
UT,ID,April,10
TX,KS,April,10
NM,TX,April,10
ND,MN,April,10
GA,FL,April,10
MN,SD,April,10
UT,UT,April,10
TX,MN,April,10
PA,OH,April,9
VA,PA,April,9
SD,SD,April,9
OR,WA,April,9
TX,IA,April,9
PA,MD,April,9
TX,CA,April,9
KS,MN,April,9
MO,IA,April,8
WI,OH,April,8
IL,IL,April,8
ID,UT,April,8
TN,KY,April,8
OH,MI,April,8
NY,KY,April,8
NY,TX,April,7
NE,IA,April,7
OK,OK,April,7
CA,WA,April,7
NY,FL,April,7
CA,TX,April,7
TX,CO,April,7
MI,OH,April,7
ID,WA,April,7
MD,MD,April,7
WA,CA,April,7
NY,IL,April,7
ND,ND,April,6
TX,WI,April,6
OH,PA,April,6
UT,CA,April,6
KS,MO,April,6
CO,TX,April,6
TX,AZ,April,6
TN,IN,April,6
VA,VA,April,6
TN,TN,April,6
IA,KS,April,6
IL,WI,April,6
FL,GA,April,6
IA,IN,April,6
OR,OR,April,6
MI,WI,April,5
VA,OH,April,5
KY,IN,April,5
WA,ID,April,5
IN,WI,April,5
CO,KS,April,5
CA,UT,April,5
TX,MO,April,5
NY,VA,April,5
TX,IN,April,5
AZ,CA,April,5
KS,WI,April,5
IN,IL,April,5
NY,MO,April,4
TN,OH,April,4
OR,CA,April,4
CO,MN,April,4
IL,IA,April,4
WI,MO,April,4
NY,GA,April,4
KS,NM,April,4
IA,MI,April,4
WI,TX,April,4
MO,MN,April,4
WI,PA,April,4
VT,PA,April,4
PA,MI,April,4
SD,WI,April,4
KS,NE,April,4
NC,NC,April,4
MO,IL,April,4
AR,MO,April,4
SC,GA,April,4
CO,IA,April,4
OK,MO,April,4
IL,IN,April,4
OR,ID,April,4
TX,FL,April,4
CA,NM,April,4
ND,IA,April,4
TX,MI,April,4
TX,OH,April,4
PA,IN,April,3
NY,CA,April,3
AR,TX,April,3
KY,OH,April,3
TX,OK,April,3
CA,MN,April,3
IN,KY,April,3
MT,ID,April,3
CA,NV,April,3
OK,IA,April,3
TN,GA,April,3
CT,CT,April,3
NV,CA,April,3
WA,OR,April,3
WI,NY,April,3
MO,WI,April,3
CO,CA,April,3
WV,PA,April,3
VA,IN,April,3
TX,ID,April,3
VA,MD,April,3
MN,MI,April,3
OK,NM,April,3
NJ,PA,April,3
TX,IL,April,3
MT,MT,April,3
MO,TX,April,3
IN,IA,April,3
MO,IN,April,3
ID,TX,April,3
CA,CO,April,3
CT,NY,April,3
OH,WI,April,3
MN,IL,April,3
TN,IA,April,3
TN,TX,April,3
TN,FL,April,3
MN,IN,April,3
MO,KS,April,3
WV,OH,April,3
WI,KY,April,3
ID,MN,April,3
TN,WI,April,3
TN,MN,April,3
TX,PA,April,3
VA,NY,April,3
ND,WI,April,2
TN,PA,April,2
KS,OK,April,2
TN,IL,April,2
ND,SD,April,2
KS,CA,April,2
KS,IN,April,2
TN,MI,April,2
CA,IA,April,2
OH,NY,April,2
IN,MN,April,2
OK,MN,April,2
NY,NJ,April,2
CO,NM,April,2
OH,KY,April,2
NY,KS,April,2
OK,CO,April,2
SC,FL,April,2
ID,AZ,April,2
PA,WI,April,2
NC,PA,April,2
IL,MN,April,2
NY,TN,April,2
VA,KY,April,2
CO,WI,April,2
UT,AZ,April,2
TN,MO,April,2
VA,MI,April,2
KS,IL,April,2
UT,TX,April,2
FL,TX,April,2
VT,MA,April,2
NY,NC,April,2
GA,IN,April,2
CT,PA,April,2
IN,PA,April,2
TX,KY,April,2
GA,OH,April,2
WI,KS,April,2
WI,SD,April,2
IA,OH,April,2
TX,NY,April,2
CA,WI,April,2
ID,IA,April,2
ID,CO,April,2
WI,CA,April,2
CO,ID,April,2
KS,MI,April,2
CT,MA,April,2
PA,MN,April,2
NC,OH,April,2
CA,OR,April,2
KS,SD,April,2
CO,WY,April,2
GA,KY,April,2
SD,TX,April,2
WI,FL,April,2
AZ,TX,April,2
MN,MO,April,2
MD,OH,April,2
TX,WA,April,2
PA,VT,April,2
NE,KS,April,1
SD,NE,April,1
NE,MN,April,1
OH,MN,April,1
CO,AZ,April,1
IA,TX,April,1
GA,TX,April,1
CO,NE,April,1
MT,MN,April,1
PA,VA,April,1
IL,MI,April,1
NC,GA,April,1
MD,NY,April,1
KS,OH,April,1
UT,CO,April,1
CA,KS,April,1
GA,PA,April,1
SC,SC,April,1
TX,SD,April,1
TX,NE,April,1
VT,OH,April,1
OH,IA,April,1
TX,GA,April,1
OK,WI,April,1
NY,NH,April,1
WA,MN,April,1
FL,IN,April,1
UT,MN,April,1
KS,AZ,April,1
MT,WA,April,1
VA,WI,April,1
PA,IA,April,1
VA,FL,April,1
OH,IL,April,1
MN,OH,April,1
FL,OH,April,1
MN,ND,April,1
AR,IA,April,1
NC,IN,April,1
AZ,NM,April,1
ID,WI,April,1
MO,OH,April,1
NC,VA,April,1
SC,OH,April,1
KY,IL,April,1
SC,IN,April,1
MO,MI,April,1
KY,TN,April,1
NY,CO,April,1
VA,NC,April,1
NY,NM,April,1
VA,MN,April,1
TN,NY,April,1
NY,SD,April,1
MN,TX,April,1
NY,ME,April,1
NY,AZ,April,1
MI,MN,April,1
SD,KS,April,1
VT,MI,April,1
SD,MI,April,1
PA,KY,April,1
FL,PA,April,1
GA,TN,April,1
MT,CA,April,1
SC,PA,April,1
VA,GA,April,1
TX,UT,April,1
KS,ID,April,1
MI,PA,April,1
PA,FL,April,1
NY,ID,April,1
WA,TX,April,1
NC,FL,April,1
KY,MI,April,1
MI,IA,April,1
VA,IA,April,1
GA,IA,April,1
IL,MO,April,1
SD,IN,April,1
NE,SD,April,1
CA,IN,April,1
GA,MN,April,1
GA,WI,April,1
MN,NE,April,1
ID,NM,April,1
ID,OR,April,1
AR,AR,April,1
VT,CT,April,1
MN,KS,April,1
IN,MO,April,1
MO,KY,April,1
UT,WA,April,1
NY,WA,April,1
GA,MI,April,1
NC,KY,April,1
FL,IA,April,1
OK,IN,April,1
IL,OH,April,1
FL,MN,April,1
SD,ND,April,1
NH,VT,April,1
CO,IN,April,1
PA,TX,April,1
SD,CA,April,1
IN,NY,April,1
ND,TX,April,1
SD,CO,April,1
CO,SD,April,1
CA,MI,April,1
WI,CO,April,1
MI,IL,April,1
FL,KY,April,1
CA,MO,April,1
CT,VT,April,1
SC,NC,April,1
VT,IN,April,1
ID,MT,April,1
CO,MI,April,1
UT,IA,April,1
CO,MO,April,1
IA,CO,April,1
FL,WI,April,1
WV,IN,April,1
WI,GA,April,1
VT,WI,April,1
KY,WI,April,1
OK,CA,April,1
KY,IA,April,1
SC,KY,April,1
AR,MN,April,1
UT,NM,April,1
AR,IN,April,1
KY,PA,April,1
KS,PA,April,1
MT,IA,April,1
OK,IL,April,1
MI,NY,April,1
CA,OH,April,1
FL,MI,April,1
NM,AZ,April,1
ND,CA,April,1
AR,KS,April,1
WY,CO,April,1
WA,IA,April,1
VA,TX,April,1
NJ,NY,April,1
SD,OH,April,1
WV,MD,April,1
ND,MI,April,1
ID,KS,April,1
CA,FL,April,1
PA,IL,April,1
SD,IL,April,1
CO,UT,April,1
ID,IN,April,1
ID,WY,April,1
VA,IL,April,1
SD,MO,April,1
CO,OH,April,1
GA,SC,April,1
NV,ID,April,1
AR,IL,April,1
KS,FL,April,1
KY,MN,April,1
IN,TX,April,1
VT,MN,April,1
WA,AZ,April,1
KY,MO,April,1
KS,KY,April,1
NC,NY,April,1
PA,CT,April,1
WI,ID,April,1
NM,CA,April,1
GA,IL,April,1
MD,VA,April,1
WI,VT,April,1
TN,NC,April,1
AR,WI,April,1
NC,MI,April,1
VA,TN,April,1
WI,NM,April,1
ND,IN,April,1
GA,NY,April,1
WV,VA,April,1
CO,WA,April,1
WA,WI,April,1
TN,KS,April,1
WI,ND,April,1
OH,TX,April,1
TN,VA,April,1
FL,NY,April,1
CA,CA,May,2144
IA,IA,May,825
MN,MN,May,327
NY,NY,May,326
IA,MN,May,236
TX,TX,May,186
WI,WI,May,161
NY,PA,May,131
ID,ID,May,111
WA,WA,May,95
IA,WI,May,84
PA,PA,May,72
KS,KS,May,72
MI,MI,May,64
FL,FL,May,64
MN,IA,May,63
IN,IN,May,56
OH,OH,May,52
WI,MN,May,51
NY,VT,May,49
NY,OH,May,44
MN,WI,May,42
WI,IA,May,37
CO,CO,May,36
TX,NM,May,36
IA,SD,May,35
VT,VT,May,34
NY,MI,May,33
AZ,AZ,May,32
OK,TX,May,30
IA,IL,May,30
NY,IN,May,23
CA,AZ,May,22
WI,MI,May,21
KS,TX,May,20
SD,MN,May,19
MO,MO,May,19
NY,WI,May,18
NE,NE,May,18
IA,NE,May,16
WI,IL,May,16
GA,GA,May,16
IN,OH,May,16
KY,KY,May,16
WI,IN,May,16
OH,IN,May,16
SD,IA,May,15
NY,MA,May,15
NY,MN,May,15
MD,PA,May,14
VT,NY,May,14
NY,MD,May,14
NY,CT,May,13
PA,NY,May,13
CA,ID,May,13
ID,CA,May,13
IA,MO,May,13
KS,IA,May,12
NY,IA,May,12
MI,IN,May,11
IN,MI,May,11
KS,CO,May,11
NM,NM,May,11
OK,KS,May,11
UT,ID,May,11
TX,KS,May,11
NM,TX,May,10
MN,SD,May,10
ND,MN,May,10
GA,FL,May,10
UT,UT,May,10
TX,MN,May,10
PA,OH,May,10
VA,PA,May,10
OR,WA,May,10
SD,SD,May,10
PA,MD,May,9
TX,IA,May,9
KS,MN,May,9
TX,CA,May,9
MO,IA,May,9
IL,IL,May,9
WI,OH,May,9
TN,KY,May,8
ID,UT,May,8
NY,KY,May,8
OH,MI,May,8
NE,IA,May,8
OK,OK,May,7
NY,TX,May,7
CA,WA,May,7
NY,FL,May,7
TX,CO,May,7
UT,CA,May,7
ID,WA,May,7
WA,CA,May,7
CA,TX,May,7
MD,MD,May,7
NY,IL,May,7
ND,ND,May,7
MI,OH,May,7
KS,MO,May,6
TX,WI,May,6
OH,PA,May,6
TX,AZ,May,6
VA,VA,May,6
CO,TX,May,6
TN,IN,May,6
IA,KS,May,6
TN,TN,May,6
IL,WI,May,6
FL,GA,May,6
KY,IN,May,6
OR,OR,May,6
IA,IN,May,6
MI,WI,May,6
VA,OH,May,6
WA,ID,May,5
TX,MO,May,5
IN,WI,May,5
CO,KS,May,5
CA,UT,May,5
NY,VA,May,5
AZ,CA,May,5
TX,IN,May,5
KS,WI,May,5
CO,MN,May,5
IN,IL,May,5
NY,MO,May,5
OR,CA,May,5
WI,MO,May,5
TN,OH,May,5
IL,IA,May,5
NY,GA,May,4
KS,NM,May,4
WI,PA,May,4
MO,MN,May,4
IA,MI,May,4
WI,TX,May,4
KS,NE,May,4
VT,PA,May,4
MO,IL,May,4
PA,MI,May,4
OK,MO,May,4
SD,WI,May,4
SC,GA,May,4
NC,NC,May,4
CO,IA,May,4
AR,MO,May,4
ND,IA,May,4
CA,NM,May,4
TX,MI,May,4
IL,IN,May,4
TX,FL,May,4
TX,OK,May,4
OR,ID,May,4
IN,KY,May,4
NV,CA,May,4
KY,OH,May,4
TX,OH,May,4
CA,MN,May,4
PA,IN,May,4
NY,CA,May,4
CA,NV,May,3
AR,TX,May,3
MT,ID,May,3
WA,OR,May,3
OK,IA,May,3
CT,CT,May,3
CO,CA,May,3
WI,NY,May,3
MO,WI,May,3
TN,GA,May,3
VA,IN,May,3
WV,PA,May,3
VA,MD,May,3
MN,MI,May,3
MT,MT,May,3
NJ,PA,May,3
OK,NM,May,3
MO,TX,May,3
IN,IA,May,3
TX,IL,May,3
TX,ID,May,3
TN,IA,May,3
MO,IN,May,3
TN,TX,May,3
ID,TX,May,3
WV,OH,May,3
ID,MN,May,3
TN,FL,May,3
OH,WI,May,3
MN,IL,May,3
TX,PA,May,3
MO,KS,May,3
CT,NY,May,3
MN,IN,May,3
CA,IA,May,3
OK,MN,May,3
KS,OK,May,3
WI,KY,May,3
CA,CO,May,3
TN,WI,May,3
VA,NY,May,3
TN,PA,May,3
ND,SD,May,3
KS,CA,May,3
OH,NY,May,3
TN,MI,May,3
TN,MN,May,3
TN,IL,May,2
KS,IN,May,2
ND,WI,May,2
IN,MN,May,2
SC,FL,May,2
NY,NJ,May,2
CO,NM,May,2
OK,CO,May,2
OH,KY,May,2
NY,KS,May,2
ID,AZ,May,2
NC,PA,May,2
VA,MI,May,2
CO,WI,May,2
KS,IL,May,2
IL,MN,May,2
PA,WI,May,2
NY,TN,May,2
GA,IN,May,2
UT,AZ,May,2
UT,TX,May,2
VA,KY,May,2
TN,MO,May,2
FL,TX,May,2
VT,MA,May,2
TX,KY,May,2
CO,ID,May,2
GA,OH,May,2
NY,NC,May,2
WI,KS,May,2
IA,OH,May,2
NC,OH,May,2
TX,NY,May,2
WI,SD,May,2
CT,PA,May,2
KS,MI,May,2
CA,WI,May,2
GA,KY,May,2
WI,CA,May,2
ID,IA,May,2
IN,PA,May,2
KS,SD,May,2
ID,CO,May,2
CT,MA,May,2
CA,OR,May,2
PA,MN,May,2
TX,WA,May,2
CO,WY,May,2
SD,TX,May,2
MD,OH,May,2
NE,MN,May,2
WI,FL,May,2
AZ,TX,May,2
NE,KS,May,2
KS,OH,May,2
OH,MN,May,2
MT,MN,May,2
IA,TX,May,2
MN,MO,May,2
GA,TX,May,2
PA,VA,May,2
TX,SD,May,1
SC,SC,May,1
CA,KS,May,1
PA,VT,May,1
VA,WI,May,1
SD,NE,May,1
OH,IA,May,1
MD,NY,May,1
CO,NE,May,1
GA,PA,May,1
MN,OH,May,1
VT,OH,May,1
FL,IN,May,1
IL,MI,May,1
UT,CO,May,1
OK,WI,May,1
MO,MI,May,1
WA,MN,May,1
NC,GA,May,1
VT,MI,May,1
PA,IA,May,1
SC,OH,May,1
NY,NH,May,1
CO,AZ,May,1
UT,MN,May,1
KY,TN,May,1
FL,OH,May,1
MT,CA,May,1
VA,NC,May,1
AR,IA,May,1
OH,IL,May,1
VA,FL,May,1
MN,ND,May,1
KY,IL,May,1
MO,OH,May,1
MT,WA,May,1
SD,KS,May,1
KS,AZ,May,1
MI,MN,May,1
TX,GA,May,1
ID,WI,May,1
TX,NE,May,1
AZ,NM,May,1
NC,VA,May,1
NY,NM,May,1
NY,SD,May,1
MN,TX,May,1
NY,CO,May,1
NY,ID,May,1
NY,AZ,May,1
NY,ME,May,1
PA,KY,May,1
NC,IN,May,1
VA,MN,May,1
MI,PA,May,1
CA,IN,May,1
GA,TN,May,1
FL,PA,May,1
SC,IN,May,1
MI,IA,May,1
TN,NY,May,1
GA,MN,May,1
TX,UT,May,1
SC,PA,May,1
AR,AR,May,1
SD,MI,May,1
IL,MO,May,1
UT,WA,May,1
KY,MI,May,1
WA,TX,May,1
MN,KS,May,1
VT,CT,May,1
NC,FL,May,1
KS,ID,May,1
MN,NE,May,1
NE,SD,May,1
VA,GA,May,1
SD,IN,May,1
GA,IA,May,1
PA,FL,May,1
IL,OH,May,1
ID,OR,May,1
MO,KY,May,1
IN,MO,May,1
NY,WA,May,1
SD,ND,May,1
GA,MI,May,1
ID,NM,May,1
GA,WI,May,1
NH,VT,May,1
NC,KY,May,1
SD,CA,May,1
VA,IA,May,1
OK,IN,May,1
FL,IA,May,1
UT,IA,May,1
CO,IN,May,1
FL,MN,May,1
SC,NC,May,1
IA,CO,May,1
CA,MO,May,1
MI,IL,May,1
ND,TX,May,1
SD,CO,May,1
FL,WI,May,1
CO,SD,May,1
KY,WI,May,1
VT,IN,May,1
WI,CO,May,1
PA,TX,May,1
CO,MI,May,1
AR,IN,May,1
CT,VT,May,1
IN,NY,May,1
SC,KY,May,1
VA,TX,May,1
CO,MO,May,1
WV,IN,May,1
CA,MI,May,1
VT,WI,May,1
UT,NM,May,1
WI,GA,May,1
MI,NY,May,1
FL,KY,May,1
ID,MT,May,1
KY,IA,May,1
KY,PA,May,1
CA,OH,May,1
KS,PA,May,1
MT,IA,May,1
AR,MN,May,1
OK,CA,May,1
WA,IA,May,1
OK,IL,May,1
FL,MI,May,1
AR,KS,May,1
ND,CA,May,1
GA,SC,May,1
WV,MD,May,1
CO,UT,May,1
NM,AZ,May,1
WY,CO,May,1
PA,IL,May,1
NJ,NY,May,1
SD,OH,May,1
WA,WI,May,1
ID,KS,May,1
ID,WY,May,1
SD,IL,May,1
KS,FL,May,1
ND,MI,May,1
WI,NM,May,1
CA,FL,May,1
WA,AZ,May,1
NM,CA,May,1
VT,MN,May,1
CO,OH,May,1
KY,MN,May,1
AR,IL,May,1
KY,MO,May,1
WI,ND,May,1
VA,IL,May,1
IN,TX,May,1
UT,WI,May,1
SD,MO,May,1
PA,CT,May,1
GA,NY,May,1
WI,VT,May,1
NC,NY,May,1
NC,MI,May,1
WI,NE,May,1
TN,NC,May,1
AR,WI,May,1
GA,IL,May,1
CO,WA,May,1
NY,ND,May,1
MD,VA,May,1
FL,NY,May,1
NY,SC,May,1
VA,TN,May,1
WV,VA,May,1
TN,VA,May,1
NV,ID,May,1
ND,IN,May,1
ID,IN,May,1
SC,MI,May,1
WI,ID,May,1
PA,GA,May,1
NY,WV,May,1
TN,CA,May,1
OH,TX,May,1
MN,PA,May,1
WI,AZ,May,1
PA,MA,May,1
TN,KS,May,1
CA,CA,June,2073
IA,IA,June,798
NY,NY,June,316
MN,MN,June,315
IA,MN,June,228
TX,TX,June,179
WI,WI,June,156
NY,PA,June,127
ID,ID,June,107
WA,WA,June,92
IA,WI,June,81
PA,PA,June,70
KS,KS,June,69
MI,MI,June,63
FL,FL,June,61
MN,IA,June,61
IN,IN,June,54
OH,OH,June,51
WI,MN,June,49
NY,VT,June,48
NY,OH,June,43
MN,WI,June,40
WI,IA,June,36
CO,CO,June,35
TX,NM,June,34
IA,SD,June,34
VT,VT,June,33
NY,MI,June,32
AZ,AZ,June,31
IA,IL,June,28
OK,TX,June,28
NY,IN,June,23
CA,AZ,June,21
WI,MI,June,20
KS,TX,June,20
SD,MN,June,19
MO,MO,June,18
NY,WI,June,18
NE,NE,June,17
IA,NE,June,16
IN,OH,June,16
WI,IL,June,16
GA,GA,June,16
WI,IN,June,16
KY,KY,June,15
OH,IN,June,15
SD,IA,June,15
NY,MA,June,15
NY,MN,June,14
VT,NY,June,13
MD,PA,June,13
NY,CT,June,13
NY,MD,June,13
PA,NY,June,13
CA,ID,June,13
ID,CA,June,12
IA,MO,June,12
KS,IA,June,12
NY,IA,June,11
MI,IN,June,11
KS,CO,June,11
IN,MI,June,11
NM,NM,June,11
OK,KS,June,11
UT,ID,June,10
TX,KS,June,10
NM,TX,June,10
ND,MN,June,10
GA,FL,June,10
MN,SD,June,10
TX,MN,June,10
UT,UT,June,9
VA,PA,June,9
PA,OH,June,9
OR,WA,June,9
SD,SD,June,9
PA,MD,June,9
TX,IA,June,9
KS,MN,June,9
TX,CA,June,9
MO,IA,June,8
WI,OH,June,8
IL,IL,June,8
TN,KY,June,8
ID,UT,June,8
NY,KY,June,8
OH,MI,June,7
NY,TX,June,7
NE,IA,June,7
OK,OK,June,7
NY,FL,June,7
CA,WA,June,7
CA,TX,June,7
TX,CO,June,7
NY,IL,June,7
ID,WA,June,7
MI,OH,June,7
MD,MD,June,7
UT,CA,June,7
WA,CA,June,6
ND,ND,June,6
OH,PA,June,6
KS,MO,June,6
TX,WI,June,6
CO,TX,June,6
IA,KS,June,6
TN,TN,June,6
VA,VA,June,6
TX,AZ,June,6
TN,IN,June,6
KY,IN,June,6
FL,GA,June,6
OR,OR,June,6
IL,WI,June,6
IA,IN,June,5
MI,WI,June,5
WA,ID,June,5
VA,OH,June,5
CO,KS,June,5
IN,WI,June,5
TX,MO,June,5
CA,UT,June,5
NY,VA,June,5
TX,IN,June,5
KS,WI,June,5
AZ,CA,June,5
IN,IL,June,4
CO,MN,June,4
NY,MO,June,4
IL,IA,June,4
TN,OH,June,4
WI,MO,June,4
OR,CA,June,4
KS,NM,June,4
NY,GA,June,4
MO,MN,June,4
IA,MI,June,4
KS,NE,June,4
WI,TX,June,4
WI,PA,June,4
AR,MO,June,4
PA,MI,June,4
CO,IA,June,4
VT,PA,June,4
MO,IL,June,4
SD,WI,June,4
NC,NC,June,4
OK,MO,June,4
SC,GA,June,4
ND,IA,June,4
IL,IN,June,4
TX,FL,June,4
OR,ID,June,4
CA,NM,June,4
PA,IN,June,4
TX,OK,June,4
TX,MI,June,4
TX,OH,June,3
NY,CA,June,3
CA,MN,June,3
AR,TX,June,3
KY,OH,June,3
IN,KY,June,3
MT,ID,June,3
NV,CA,June,3
CA,NV,June,3
OK,IA,June,3
CO,CA,June,3
WI,NY,June,3
MO,WI,June,3
WA,OR,June,3
CT,CT,June,3
TN,GA,June,3
VA,IN,June,3
MT,MT,June,3
VA,MD,June,3
OK,NM,June,3
WV,PA,June,3
TX,ID,June,3
MN,MI,June,3
NJ,PA,June,3
IN,IA,June,3
MO,TX,June,3
TX,IL,June,3
MO,IN,June,3
TN,FL,June,3
ID,TX,June,3
CA,CO,June,3
MN,IL,June,3
MO,KS,June,3
TN,IA,June,3
TN,TX,June,3
CT,NY,June,3
OH,WI,June,3
MN,IN,June,3
WI,KY,June,3
WV,OH,June,3
ID,MN,June,3
TN,WI,June,3
TX,PA,June,3
ND,SD,June,3
KS,CA,June,3
KS,OK,June,3
CA,IA,June,3
VA,NY,June,3
TN,PA,June,2
OK,MN,June,2
TN,MI,June,2
TN,MN,June,2
KS,IN,June,2
ND,WI,June,2
TN,IL,June,2
OH,NY,June,2
NY,NJ,June,2
SC,FL,June,2
CO,WI,June,2
IN,MN,June,2
IL,MN,June,2
OH,KY,June,2
ID,AZ,June,2
CO,NM,June,2
PA,WI,June,2
OK,CO,June,2
NY,KS,June,2
NC,PA,June,2
GA,IN,June,2
NY,TN,June,2
VA,MI,June,2
TN,MO,June,2
FL,TX,June,2
WI,KS,June,2
KS,IL,June,2
UT,TX,June,2
UT,AZ,June,2
VA,KY,June,2
NY,NC,June,2
TX,NY,June,2
GA,OH,June,2
IN,PA,June,2
VT,MA,June,2
NC,OH,June,2
KS,MI,June,2
WI,SD,June,2
WI,CA,June,2
ID,IA,June,2
CT,PA,June,2
CA,WI,June,2
CO,ID,June,2
TX,KY,June,2
IA,OH,June,2
KS,SD,June,2
PA,MN,June,2
CT,MA,June,2
ID,CO,June,2
CA,OR,June,2
TX,WA,June,2
CO,WY,June,2
AZ,TX,June,2
NE,MN,June,2
GA,KY,June,2
MD,OH,June,2
OH,MN,June,2
WI,FL,June,2
MN,MO,June,1
SD,TX,June,1
IA,TX,June,1
OH,IA,June,1
CO,NE,June,1
SC,SC,June,1
PA,VA,June,1
NE,KS,June,1
SD,NE,June,1
MT,MN,June,1
PA,VT,June,1
KS,OH,June,1
NY,NH,June,1
VA,WI,June,1
IL,MI,June,1
UT,CO,June,1
TX,SD,June,1
GA,TX,June,1
VT,OH,June,1
OK,WI,June,1
CA,KS,June,1
FL,IN,June,1
CO,AZ,June,1
WA,MN,June,1
PA,IA,June,1
KY,IL,June,1
TX,GA,June,1
TX,NE,June,1
KS,AZ,June,1
GA,PA,June,1
MD,NY,June,1
KY,TN,June,1
NC,GA,June,1
NC,VA,June,1
VA,FL,June,1
VA,NC,June,1
SC,OH,June,1
MT,WA,June,1
MT,CA,June,1
NY,CO,June,1
NY,ME,June,1
MO,OH,June,1
OH,IL,June,1
AR,IA,June,1
MN,OH,June,1
FL,OH,June,1
MO,MI,June,1
UT,MN,June,1
MN,ND,June,1
NC,IN,June,1
VT,MI,June,1
TN,NY,June,1
NY,NM,June,1
ID,WI,June,1
NY,SD,June,1
PA,KY,June,1
SC,PA,June,1
NY,AZ,June,1
AR,AR,June,1
FL,PA,June,1
MN,TX,June,1
AZ,NM,June,1
SC,IN,June,1
GA,TN,June,1
MI,MN,June,1
NY,ID,June,1
MI,IA,June,1
CA,IN,June,1
TX,UT,June,1
WA,TX,June,1
IL,OH,June,1
VA,IA,June,1
MI,PA,June,1
SD,KS,June,1
VT,CT,June,1
VA,MN,June,1
SD,IN,June,1
VA,GA,June,1
GA,IA,June,1
KY,MI,June,1
NY,WA,June,1
IL,MO,June,1
SD,MI,June,1
NE,SD,June,1
NC,FL,June,1
MN,KS,June,1
ID,OR,June,1
KS,ID,June,1
GA,MI,June,1
UT,WA,June,1
NC,KY,June,1
ID,NM,June,1
MN,NE,June,1
GA,MN,June,1
IN,MO,June,1
GA,WI,June,1
SD,ND,June,1
FL,MN,June,1
PA,TX,June,1
CO,SD,June,1
OK,IN,June,1
MO,KY,June,1
CO,IN,June,1
FL,IA,June,1
PA,FL,June,1
AR,MN,June,1
SD,CA,June,1
IN,NY,June,1
CA,MO,June,1
FL,WI,June,1
VT,IN,June,1
ND,TX,June,1
SD,CO,June,1
NH,VT,June,1
UT,IA,June,1
SC,NC,June,1
CA,MI,June,1
CO,MI,June,1
KY,WI,June,1
CT,VT,June,1
CO,MO,June,1
WI,GA,June,1
SC,KY,June,1
WI,CO,June,1
IA,CO,June,1
FL,KY,June,1
UT,NM,June,1
VT,WI,June,1
ID,MT,June,1
MT,IA,June,1
KY,PA,June,1
MI,IL,June,1
WV,IN,June,1
KS,PA,June,1
KY,IA,June,1
VA,TX,June,1
OK,IL,June,1
MI,NY,June,1
AR,IN,June,1
WY,CO,June,1
CA,OH,June,1
WA,IA,June,1
OK,CA,June,1
FL,MI,June,1
NM,AZ,June,1
NJ,NY,June,1
ND,CA,June,1
WV,MD,June,1
ID,KS,June,1
CO,UT,June,1
VT,MN,June,1
PA,CT,June,1
PA,IL,June,1
SD,IL,June,1
SD,OH,June,1
AR,KS,June,1
ID,WY,June,1
ND,MI,June,1
CO,OH,June,1
CA,FL,June,1
IN,TX,June,1
NM,CA,June,1
KS,FL,June,1
WA,AZ,June,1
MD,VA,June,1
GA,SC,June,1
WA,WI,June,1
AR,IL,June,1
SD,MO,June,1
WI,ND,June,1
NV,ID,June,1
NC,NY,June,1
KY,MN,June,1
WI,VT,June,1
ND,CO,June,1
NC,MI,June,1
WI,NM,June,1
ND,IN,June,1
VA,TN,June,1
AR,WI,June,1
KY,MO,June,1
CO,WA,June,1
GA,IL,June,1
GA,NY,June,1
NY,SC,June,1
TN,CA,June,1
CO,IL,June,1
TN,NC,June,1
WI,ID,June,1
WI,NE,June,1
CA,CA,July,1200
IA,IA,July,796
WI,WI,July,497
TX,TX,July,277
MN,MN,July,247
NY,NY,July,218
IA,MN,July,207
FL,FL,July,121
IA,WI,July,93
MN,WI,July,71
NY,PA,July,67
MN,IA,July,60
WA,WA,July,59
ID,ID,July,56
CO,CO,July,55
NY,VT,July,55
NM,TX,July,52
WI,MN,July,52
AZ,AZ,July,51
MI,MI,July,47
KS,KS,July,44
PA,PA,July,42
NY,WI,July,36
WI,IA,July,36
NM,NM,July,36
IA,SD,July,32
IL,IL,July,32
IL,WI,July,31
IN,IN,July,31
IA,IL,July,28
TX,NM,July,28
NY,OH,July,28
WI,IL,July,25
NY,MI,July,25
VT,VT,July,25
CA,AZ,July,23
OH,OH,July,21
TX,KS,July,18
NE,IA,July,18
OK,TX,July,17
WI,MI,July,17
NE,NE,July,17
IA,NE,July,16
MI,WI,July,16
NY,IN,July,15
SD,MN,July,14
NY,MN,July,14
KS,TX,July,14
OR,OR,July,14
TN,TN,July,13
IL,IA,July,12
SD,IA,July,12
KY,KY,July,12
NY,MA,July,12
OR,WA,July,12
IA,MO,July,11
NY,IA,July,11
PA,NY,July,11
TX,CO,July,11
GA,GA,July,11
NY,FL,July,10
MN,SD,July,10
CA,ID,July,10
MO,MO,July,10
WI,IN,July,10
CO,KS,July,10
TX,OK,July,10
TX,WI,July,9
UT,UT,July,9
KS,CO,July,9
IN,OH,July,9
OK,KS,July,9
CO,TX,July,9
OK,OK,July,9
NY,TX,July,9
NY,IL,July,9
MI,IN,July,8
GA,FL,July,8
TX,IA,July,8
CA,TX,July,8
IL,IN,July,8
SD,SD,July,8
KY,IN,July,7
TX,MN,July,7
FL,GA,July,7
PA,OH,July,7
MD,PA,July,7
NY,MD,July,7
NE,KS,July,7
KS,IA,July,7
MI,OH,July,7
NE,MN,July,7
CA,WA,July,7
UT,ID,July,7
OH,IN,July,7
KY,TN,July,6
IL,MN,July,6
TX,AZ,July,6
IN,MI,July,6
PA,MD,July,6
IN,WI,July,6
ND,MN,July,6
PA,WI,July,6
AZ,CA,July,6
CA,UT,July,6
SD,WI,July,5
WI,OH,July,5
KS,WI,July,5
KY,OH,July,5
KS,MN,July,5
TX,CA,July,5
ID,CA,July,5
ID,UT,July,5
NY,TN,July,5
WA,OR,July,5
OH,WI,July,5
WA,CA,July,5
OR,CA,July,5
KY,WI,July,5
CA,WI,July,5
CA,NV,July,4
MN,IL,July,4
OH,MI,July,4
CA,CO,July,4
CO,MN,July,4
NY,KS,July,4
NY,MO,July,4
CO,IA,July,4
TX,FL,July,4
TX,MO,July,4
IN,IL,July,4
NY,VA,July,4
IA,KS,July,4
MO,IA,July,4
NY,NJ,July,4
IL,MO,July,4
CO,WI,July,4
SC,GA,July,4
SC,FL,July,4
NM,CO,July,4
NM,AZ,July,4
OR,ID,July,4
NY,CA,July,4
NY,ME,July,4
TN,WI,July,4
PA,MI,July,4
KY,IL,July,4
NM,KS,July,4
TN,KY,July,4
NE,CO,July,4
IL,MI,July,4
NY,KY,July,4
CA,MN,July,4
UT,CA,July,4
WA,ID,July,4
NY,NC,July,4
CA,OR,July,4
AR,MO,July,4
CT,NY,July,3
TX,IL,July,3
NY,GA,July,3
WI,MO,July,3
NE,SD,July,3
NE,WI,July,3
TN,IN,July,3
MD,MD,July,3
ID,WA,July,3
CA,NM,July,3
KS,OK,July,3
VT,NY,July,3
AZ,TX,July,3
TN,FL,July,3
FL,WI,July,3
AR,TX,July,3
IL,OH,July,3
KS,MO,July,3
NY,CO,July,3
NC,NC,July,3
MN,MI,July,3
CA,KS,July,3
ND,WI,July,3
PA,IN,July,3
CA,IA,July,3
WI,TX,July,3
CT,MA,July,3
TX,IN,July,3
OH,PA,July,3
ME,VT,July,3
FL,TX,July,3
TN,OH,July,2
TN,IL,July,2
MO,WI,July,2
MN,KS,July,2
CO,CA,July,2
NY,NH,July,2
CT,VT,July,2
MI,IL,July,2
SC,NC,July,2
WI,KS,July,2
VA,VA,July,2
ND,IA,July,2
PA,VT,July,2
MI,MN,July,2
MO,IL,July,2
SC,SC,July,2
ME,ME,July,2
MA,MA,July,2
NY,AZ,July,2
TX,MI,July,2
WV,OH,July,2
TN,GA,July,2
KY,IA,July,2
TX,OH,July,2
TN,TX,July,2
KY,MI,July,2
MI,IA,July,2
CO,NM,July,2
MN,IN,July,2
PA,MN,July,2
NJ,PA,July,2
WV,PA,July,2
NM,CA,July,2
ND,SD,July,2
PA,FL,July,2
CO,AZ,July,2
SD,KS,July,2
MN,MO,July,2
MN,TX,July,2
TN,IA,July,2
SC,TN,July,2
TX,ID,July,2
CT,PA,July,2
MO,KS,July,2
FL,TN,July,2
WI,NY,July,2
NY,WV,July,2
WI,SD,July,2
MA,VT,July,2
GA,TN,July,2
KS,NM,July,2
KS,IL,July,2
OK,CO,July,2
MA,NY,July,2
SD,TX,July,2
UT,AZ,July,2
PA,IA,July,2
CO,NE,July,2
NM,WI,July,2
UT,CO,July,2
WA,WI,July,2
KS,NE,July,2
IL,TX,July,2
KY,FL,July,2
SC,WI,July,2
NV,CA,July,2
KY,MN,July,2
NY,SD,July,2
KY,MO,July,2
WI,PA,July,2
TN,MN,July,2
AR,AR,July,1
ID,TX,July,1
CO,ID,July,1
SD,CO,July,1
MO,MN,July,1
AZ,NM,July,1
TX,SD,July,1
TX,TN,July,1
UT,TX,July,1
NY,CT,July,1
NY,WA,July,1
OH,IL,July,1
VA,PA,July,1
NE,TX,July,1
MT,ID,July,1
PA,VA,July,1
NY,NM,July,1
FL,IN,July,1
OH,MN,July,1
ID,OR,July,1
WA,TX,July,1
TN,MI,July,1
KS,CA,July,1
NY,ID,July,1
FL,OH,July,1
OK,IA,July,1
TN,MO,July,1
OH,NY,July,1
PA,IL,July,1
PA,NJ,July,1
NM,IA,July,1
FL,IA,July,1
MD,NY,July,1
KY,TX,July,1
ID,CO,July,1
MN,CO,July,1
NM,MN,July,1
IL,KS,July,1
CO,SD,July,1
MN,NE,July,1
ID,WI,July,1
FL,MN,July,1
WI,FL,July,1
ND,ND,July,1
MD,OH,July,1
OK,MO,July,1
AR,KS,July,1
ID,AZ,July,1
OH,IA,July,1
AR,WI,July,1
IN,IA,July,1
MT,MT,July,1
WA,MN,July,1
WY,CO,July,1
PA,TX,July,1
CA,FL,July,1
MN,OH,July,1
TX,NE,July,1
KS,AZ,July,1
MI,NY,July,1
SC,OH,July,1
NM,OK,July,1
AR,IA,July,1
SD,NE,July,1
MD,WI,July,1
TN,NC,July,1
MO,TX,July,1
MI,PA,July,1
KS,SD,July,1
WI,CO,July,1
ID,MN,July,1
FL,IL,July,1
SC,IN,July,1
OK,WI,July,1
TX,WA,July,1
IL,KY,July,1
CO,WY,July,1
WI,TN,July,1
IL,TN,July,1
TX,UT,July,1
IN,MN,July,1
KY,PA,July,1
OK,NM,July,1
KS,IN,July,1
AL,FL,July,1
NE,MO,July,1
AZ,CO,July,1
IN,KY,July,1
NY,OK,July,1
TX,PA,July,1
CA,IL,July,1
OK,MN,July,1
KY,GA,July,1
AR,IL,July,1
AR,OK,July,1
ME,NY,July,1
NH,VT,July,1
TN,PA,July,1
CO,UT,July,1
WA,AZ,July,1
CA,MI,July,1
TX,NY,July,1
SD,IL,July,1
FL,MI,July,1
TX,GA,July,1
FL,PA,July,1
PA,TN,July,1
KS,MI,July,1
IA,IN,July,1
CO,MO,July,1
CA,MO,July,1
WA,IA,July,1
CA,IN,July,1
UT,WI,July,1
PA,NC,July,1
WV,WI,July,1
CO,IL,July,1
VA,OH,July,1
CO,OK,July,1
MS,FL,July,1
WA,CO,July,1
TN,KS,July,1
SC,TX,July,1
IL,FL,July,1
WI,KY,July,1
ID,IA,July,1
OH,FL,July,1
GA,WI,July,1
KS,FL,July,1
OH,KY,July,1
AZ,WI,July,1
NJ,NY,July,1
SC,PA,July,1
PA,WV,July,1
CT,WI,July,1
NY,SC,July,1
UT,MN,July,1
WI,CA,July,1
FL,MO,July,1
MS,TX,July,1
AR,MN,July,1
NE,IL,July,1
KY,KS,July,1
FL,NC,July,1
ND,CO,July,1
CT,CT,July,1
TX,AR,July,1
FL,KS,July,1
OH,TX,July,1
CA,OH,July,1
SC,IA,July,1
KS,OH,July,1
CA,SD,July,1
TX,KY,July,1
SC,IL,July,1
WV,IN,July,1
WV,VA,July,1
MO,IN,July,1
VA,NC,July,1
KY,NY,July,1
MD,VA,July,1
UT,WA,July,1
FL,NY,July,1
CA,CA,August,1201
IA,IA,August,799
WI,WI,August,498
TX,TX,August,277
MN,MN,August,248
NY,NY,August,216
IA,MN,August,207
FL,FL,August,121
IA,WI,August,93
MN,WI,August,72
NY,PA,August,66
MN,IA,August,60
WA,WA,August,59
ID,ID,August,56
CO,CO,August,56
NY,VT,August,54
NM,TX,August,53
WI,MN,August,52
AZ,AZ,August,51
MI,MI,August,47
KS,KS,August,45
PA,PA,August,43
NY,WI,August,37
WI,IA,August,36
NM,NM,August,36
IA,SD,August,33
IL,IL,August,32
IN,IN,August,31
IL,WI,August,31
TX,NM,August,29
IA,IL,August,28
NY,OH,August,28
WI,IL,August,25
VT,VT,August,25
NY,MI,August,25
CA,AZ,August,23
OH,OH,August,22
TX,KS,August,19
NE,IA,August,18
WI,MI,August,17
OK,TX,August,17
NE,NE,August,17
IA,NE,August,16
MI,WI,August,16
NY,IN,August,15
SD,MN,August,14
OR,OR,August,14
NY,MN,August,14
KS,TX,August,14
TN,TN,August,13
SD,IA,August,13
IL,IA,August,12
KY,KY,August,12
NY,MA,August,12
OR,WA,August,12
IA,MO,August,11
NY,IA,August,11
TX,CO,August,11
PA,NY,August,11
NY,FL,August,10
MN,SD,August,10
MO,MO,August,10
GA,GA,August,10
CA,ID,August,10
CO,KS,August,10
WI,IN,August,10
TX,OK,August,9
TX,WI,August,9
UT,UT,August,9
OK,KS,August,9
KS,CO,August,9
IN,OH,August,9
OK,OK,August,9
CO,TX,August,9
NY,IL,August,9
NY,TX,August,9
GA,FL,August,8
TX,IA,August,8
MI,IN,August,8
CA,TX,August,8
IL,IN,August,8
SD,SD,August,8
KY,IN,August,8
TX,MN,August,7
MD,PA,August,7
FL,GA,August,7
NY,MD,August,7
PA,OH,August,7
KS,IA,August,7
MI,OH,August,7
NE,KS,August,7
CA,WA,August,7
NE,MN,August,7
OH,IN,August,7
UT,ID,August,7
KY,TN,August,6
TX,AZ,August,6
IL,MN,August,6
IN,MI,August,6
IN,WI,August,6
PA,MD,August,6
AZ,CA,August,6
ND,MN,August,6
PA,WI,August,6
SD,WI,August,6
CA,UT,August,5
KY,OH,August,5
WI,OH,August,5
KS,WI,August,5
TX,CA,August,5
KS,MN,August,5
NY,TN,August,5
ID,CA,August,5
ID,UT,August,5
OH,WI,August,5
WA,CA,August,5
OR,CA,August,5
WA,OR,August,5
KY,WI,August,4
CA,NV,August,4
CA,WI,August,4
CA,CO,August,4
MN,IL,August,4
OH,MI,August,4
TX,FL,August,4
CO,MN,August,4
NY,MO,August,4
TX,MO,August,4
CO,IA,August,4
IL,MO,August,4
IA,KS,August,4
IN,IL,August,4
NY,VA,August,4
NY,KS,August,4
CO,WI,August,4
NY,NJ,August,4
OR,ID,August,4
SC,FL,August,4
SC,GA,August,4
MO,IA,August,4
TN,WI,August,4
NY,CA,August,4
NM,CO,August,4
NM,AZ,August,4
KY,IL,August,4
IL,MI,August,4
PA,MI,August,4
NM,KS,August,4
NY,ME,August,4
TN,KY,August,4
NE,CO,August,4
CA,MN,August,4
UT,CA,August,4
NY,NC,August,4
AR,MO,August,4
NY,KY,August,4
WA,ID,August,4
CA,OR,August,3
CT,NY,August,3
TX,IL,August,3
WI,MO,August,3
NY,GA,August,3
NE,SD,August,3
TN,IN,August,3
NE,WI,August,3
MD,MD,August,3
ID,WA,August,3
AR,TX,August,3
CA,NM,August,3
IL,OH,August,3
NC,NC,August,3
TN,FL,August,3
KS,OK,August,3
WI,TX,August,3
NY,CO,August,3
AZ,TX,August,3
VT,NY,August,3
CA,IA,August,3
KS,MO,August,3
FL,WI,August,3
MN,MI,August,3
CA,KS,August,3
FL,TX,August,3
OH,PA,August,3
TX,IN,August,3
PA,IN,August,3
ND,WI,August,3
CT,MA,August,3
ME,VT,August,3
TN,IL,August,3
MO,WI,August,2
TN,OH,August,2
MN,KS,August,2
VA,VA,August,2
MI,IL,August,2
CO,CA,August,2
NY,NH,August,2
ND,IA,August,2
PA,VT,August,2
CT,VT,August,2
MO,IL,August,2
MI,MN,August,2
SC,NC,August,2
ME,ME,August,2
WI,KS,August,2
SC,SC,August,2
TX,MI,August,2
TN,GA,August,2
TN,TX,August,2
NY,AZ,August,2
MA,MA,August,2
TX,OH,August,2
WV,OH,August,2
KY,IA,August,2
ND,SD,August,2
KY,MI,August,2
PA,FL,August,2
CO,NM,August,2
TN,IA,August,2
MI,IA,August,2
MN,IN,August,2
TX,ID,August,2
PA,MN,August,2
NJ,PA,August,2
CO,AZ,August,2
MN,MO,August,2
WV,PA,August,2
NY,WV,August,2
NM,CA,August,2
MA,VT,August,2
WI,SD,August,2
MN,TX,August,2
SD,KS,August,2
CT,PA,August,2
GA,TN,August,2
KS,NE,August,2
KS,NM,August,2
SC,TN,August,2
WI,NY,August,2
OK,CO,August,2
MA,NY,August,2
CO,NE,August,2
SC,WI,August,2
KY,FL,August,2
MO,KS,August,2
UT,AZ,August,2
IL,TX,August,2
SD,TX,August,2
KY,MN,August,2
WI,PA,August,2
NM,WI,August,2
KS,IL,August,2
TN,MN,August,2
NY,SD,August,2
NV,CA,August,2
FL,TN,August,2
WA,WI,August,2
PA,IA,August,2
AZ,NM,August,2
AR,AR,August,1
TN,MO,August,1
UT,CO,August,1
UT,TX,August,1
NY,CT,August,1
SD,CO,August,1
ID,TX,August,1
KY,MO,August,1
PA,VA,August,1
WI,FL,August,1
CO,ID,August,1
TX,TN,August,1
TX,SD,August,1
NE,TX,August,1
OH,NY,August,1
NM,IA,August,1
VA,PA,August,1
OH,IL,August,1
IL,KS,August,1
MO,MN,August,1
ID,OR,August,1
KY,TX,August,1
NY,ID,August,1
WA,TX,August,1
MN,CO,August,1
FL,OH,August,1
TN,MI,August,1
FL,IA,August,1
MT,ID,August,1
NY,NM,August,1
NY,WA,August,1
NM,MN,August,1
PA,NJ,August,1
ND,ND,August,1
FL,IN,August,1
KS,CA,August,1
MD,NY,August,1
WY,CO,August,1
MN,NE,August,1
OK,MO,August,1
MD,OH,August,1
AR,WI,August,1
ID,CO,August,1
OK,IA,August,1
IN,IA,August,1
OH,MN,August,1
WA,MN,August,1
FL,MN,August,1
CA,FL,August,1
PA,IL,August,1
MN,OH,August,1
ID,AZ,August,1
PA,TX,August,1
AR,KS,August,1
OH,IA,August,1
TX,NE,August,1
AR,IA,August,1
ID,WI,August,1
ID,MN,August,1
CO,SD,August,1
SC,OH,August,1
WI,CO,August,1
MT,MT,August,1
FL,IL,August,1
TX,WA,August,1
KS,SD,August,1
OK,WI,August,1
MO,TX,August,1
NM,OK,August,1
SD,NE,August,1
KY,PA,August,1
TX,UT,August,1
MI,NY,August,1
MI,PA,August,1
MD,WI,August,1
NY,OK,August,1
TN,NC,August,1
KS,AZ,August,1
WI,TN,August,1
CO,WY,August,1
IL,KY,August,1
IL,TN,August,1
TX,PA,August,1
IN,MN,August,1
AZ,CO,August,1
SC,IN,August,1
IN,KY,August,1
AL,FL,August,1
ME,NY,August,1
AR,OK,August,1
KS,IN,August,1
FL,MI,August,1
NE,MO,August,1
OK,MN,August,1
KY,GA,August,1
CA,IL,August,1
NH,VT,August,1
TN,PA,August,1
AR,IL,August,1
OK,NM,August,1
CA,MI,August,1
WA,AZ,August,1
SD,IL,August,1
TX,NY,August,1
CA,MO,August,1
CO,UT,August,1
TN,KS,August,1
FL,PA,August,1
WV,WI,August,1
PA,TN,August,1
TX,GA,August,1
GA,WI,August,1
WA,IA,August,1
CO,IL,August,1
KS,MI,August,1
CO,MO,August,1
IA,IN,August,1
IL,FL,August,1
VA,OH,August,1
CA,IN,August,1
MS,FL,August,1
SC,TX,August,1
WA,CO,August,1
CO,OK,August,1
UT,WI,August,1
PA,NC,August,1
NJ,NY,August,1
AR,MN,August,1
WI,KY,August,1
KS,FL,August,1
CT,WI,August,1
UT,MN,August,1
OH,FL,August,1
ID,IA,August,1
SC,PA,August,1
MS,TX,August,1
WI,CA,August,1
PA,WV,August,1
SC,IA,August,1
AZ,WI,August,1
NY,SC,August,1
OH,KY,August,1
KS,OH,August,1
FL,NC,August,1
FL,MO,August,1
TX,KY,August,1
WV,VA,August,1
CA,SD,August,1
OH,TX,August,1
TX,AR,August,1
CA,OH,August,1
VA,NC,August,1
ND,TX,August,1
FL,KS,August,1
PA,MA,August,1
CT,CT,August,1
MO,IN,August,1
KY,NY,August,1
SC,MI,August,1
IA,MI,August,1
KY,KS,August,1
ND,CO,August,1
NY,NE,August,1
CO,WA,August,1
UT,WA,August,1
SC,MN,August,1
SC,IL,August,1
NE,IL,August,1
ID,KS,August,1
AZ,KS,August,1
CA,CA,September,1164
IA,IA,September,771
WI,WI,September,481
TX,TX,September,268
MN,MN,September,240
NY,NY,September,210
IA,MN,September,199
FL,FL,September,117
IA,WI,September,90
MN,WI,September,69
NY,PA,September,64
MN,IA,September,58
WA,WA,September,57
ID,ID,September,54
CO,CO,September,54
NY,VT,September,53
NM,TX,September,51
WI,MN,September,50
AZ,AZ,September,49
MI,MI,September,45
KS,KS,September,43
PA,PA,September,41
NY,WI,September,35
WI,IA,September,35
NM,NM,September,34
IA,SD,September,32
IL,IL,September,31
IL,WI,September,30
IN,IN,September,30
TX,NM,September,27
IA,IL,September,27
NY,OH,September,27
VT,VT,September,25
WI,IL,September,25
NY,MI,September,24
CA,AZ,September,22
OH,OH,September,21
TX,KS,September,18
NE,IA,September,18
WI,MI,September,17
OK,TX,September,17
NE,NE,September,16
MI,WI,September,16
IA,NE,September,16
NY,IN,September,14
SD,MN,September,14
NY,MN,September,14
TN,TN,September,13
KS,TX,September,13
OR,OR,September,13
IL,IA,September,12
SD,IA,September,12
KY,KY,September,11
OR,WA,September,11
NY,MA,September,11
IA,MO,September,11
NY,IA,September,11
TX,CO,September,10
PA,NY,September,10
MO,MO,September,10
GA,GA,September,10
MN,SD,September,10
CA,ID,September,10
NY,FL,September,10
TX,OK,September,9
CO,KS,September,9
WI,IN,September,9
TX,WI,September,9
UT,UT,September,9
IN,OH,September,9
KS,CO,September,9
OK,KS,September,9
NY,IL,September,9
OK,OK,September,9
NY,TX,September,8
CO,TX,September,8
GA,FL,September,8
MI,IN,September,8
CA,TX,September,8
TX,IA,September,8
IL,IN,September,8
SD,SD,September,7
KY,IN,September,7
TX,MN,September,7
FL,GA,September,7
PA,OH,September,7
MD,PA,September,7
NY,MD,September,7
KS,IA,September,7
NE,KS,September,7
CA,WA,September,6
MI,OH,September,6
UT,ID,September,6
NE,MN,September,6
OH,IN,September,6
KY,TN,September,6
IL,MN,September,6
IN,MI,September,6
TX,AZ,September,6
IN,WI,September,6
ND,MN,September,5
PA,MD,September,5
AZ,CA,September,5
CA,UT,September,5
PA,WI,September,5
KS,WI,September,5
WI,OH,September,5
SD,WI,September,5
KY,OH,September,5
TX,CA,September,5
KS,MN,September,5
NY,TN,September,5
ID,UT,September,5
ID,CA,September,5
OH,WI,September,5
OR,CA,September,5
WA,CA,September,4
CA,WI,September,4
WA,OR,September,4
KY,WI,September,4
CA,NV,September,4
MN,IL,September,4
CA,CO,September,4
OH,MI,September,4
CO,IA,September,4
CO,MN,September,4
NY,MO,September,4
IN,IL,September,4
TX,FL,September,4
IA,KS,September,4
TX,MO,September,4
MO,IA,September,4
NY,VA,September,4
IL,MO,September,4
OR,ID,September,4
NY,KS,September,4
CO,WI,September,4
SC,FL,September,4
NY,NJ,September,4
PA,MI,September,4
TN,WI,September,4
NM,CO,September,4
KY,IL,September,4
NY,ME,September,4
SC,GA,September,4
NY,CA,September,4
NE,CO,September,4
NM,KS,September,4
NM,AZ,September,4
IL,MI,September,3
NY,KY,September,3
CA,MN,September,3
CT,NY,September,3
WA,ID,September,3
TN,KY,September,3
AR,MO,September,3
NY,NC,September,3
CA,OR,September,3
UT,CA,September,3
NY,GA,September,3
TX,IL,September,3
WI,MO,September,3
NE,SD,September,3
TN,IN,September,3
MD,MD,September,3
ID,WA,September,3
AZ,TX,September,3
CA,NM,September,3
KS,OK,September,3
NE,WI,September,3
AR,TX,September,3
CA,KS,September,3
VT,NY,September,3
NC,NC,September,3
CA,IA,September,3
TN,FL,September,3
ND,WI,September,3
FL,WI,September,3
KS,MO,September,3
NY,CO,September,3
WI,TX,September,3
IL,OH,September,3
OH,PA,September,3
FL,TX,September,3
CT,MA,September,3
MN,MI,September,3
TN,IL,September,2
PA,IN,September,2
TX,IN,September,2
ME,VT,September,2
TN,OH,September,2
PA,VT,September,2
MN,KS,September,2
MI,IL,September,2
CT,VT,September,2
CO,CA,September,2
MO,WI,September,2
ND,IA,September,2
MO,IL,September,2
SC,NC,September,2
WI,KS,September,2
NY,NH,September,2
VA,VA,September,2
MI,MN,September,2
SC,SC,September,2
MA,MA,September,2
ME,ME,September,2
TX,MI,September,2
NY,AZ,September,2
WV,OH,September,2
TN,GA,September,2
TX,OH,September,2
MI,IA,September,2
TN,TX,September,2
KY,IA,September,2
KY,MI,September,2
PA,MN,September,2
CO,NM,September,2
TN,IA,September,2
NJ,PA,September,2
ND,SD,September,2
SC,TN,September,2
MN,IN,September,2
SD,KS,September,2
CO,AZ,September,2
NY,WV,September,2
MN,TX,September,2
PA,FL,September,2
WV,PA,September,2
TX,ID,September,2
NM,CA,September,2
MN,MO,September,2
GA,TN,September,2
CT,PA,September,2
MO,KS,September,2
MA,VT,September,2
TN,MN,September,2
KS,NM,September,2
WI,SD,September,2
WI,PA,September,2
KS,NE,September,2
FL,TN,September,2
KS,IL,September,2
MA,NY,September,2
CO,NE,September,2
OK,CO,September,2
SC,WI,September,2
KY,FL,September,2
IL,TX,September,2
SD,TX,September,2
NY,SD,September,2
WA,WI,September,2
WI,NY,September,2
NM,WI,September,2
KY,MN,September,1
UT,CO,September,1
SD,CO,September,1
UT,AZ,September,1
NV,CA,September,1
PA,IA,September,1
NY,CT,September,1
UT,TX,September,1
NE,TX,September,1
OH,IL,September,1
AZ,NM,September,1
CO,ID,September,1
KY,MO,September,1
TX,TN,September,1
TN,MO,September,1
MO,MN,September,1
AR,AR,September,1
TN,MI,September,1
PA,VA,September,1
ID,TX,September,1
NY,ID,September,1
TX,SD,September,1
MD,OH,September,1
NM,MN,September,1
ID,CO,September,1
MT,ID,September,1
NY,WA,September,1
OH,NY,September,1
OK,MO,September,1
FL,MN,September,1
PA,NJ,September,1
VA,PA,September,1
OH,MN,September,1
NM,IA,September,1
OK,IA,September,1
WI,FL,September,1
FL,OH,September,1
ID,OR,September,1
KS,CA,September,1
MN,CO,September,1
IL,KS,September,1
ID,AZ,September,1
FL,IA,September,1
PA,IL,September,1
ND,ND,September,1
IN,IA,September,1
FL,IN,September,1
MD,NY,September,1
WA,TX,September,1
CA,FL,September,1
MN,NE,September,1
KY,TX,September,1
WY,CO,September,1
OH,IA,September,1
NY,NM,September,1
AR,WI,September,1
SC,OH,September,1
ID,WI,September,1
WA,MN,September,1
PA,TX,September,1
AR,KS,September,1
ID,MN,September,1
MT,MT,September,1
CO,SD,September,1
MN,OH,September,1
TX,NE,September,1
SD,NE,September,1
KS,AZ,September,1
NM,OK,September,1
MI,NY,September,1
KS,SD,September,1
WI,CO,September,1
MI,PA,September,1
MO,TX,September,1
MD,WI,September,1
AR,IA,September,1
FL,IL,September,1
TX,WA,September,1
KY,PA,September,1
TX,UT,September,1
CO,WY,September,1
IN,MN,September,1
KS,IN,September,1
OK,WI,September,1
TN,NC,September,1
WI,TN,September,1
IL,TN,September,1
OK,NM,September,1
NY,OK,September,1
IN,KY,September,1
IL,KY,September,1
AZ,CO,September,1
NH,VT,September,1
AR,IL,September,1
CO,UT,September,1
AR,OK,September,1
AL,FL,September,1
SC,IN,September,1
ME,NY,September,1
NE,MO,September,1
TX,PA,September,1
CA,IL,September,1
KS,MI,September,1
OK,MN,September,1
KY,GA,September,1
FL,MI,September,1
UT,WI,September,1
TX,GA,September,1
WV,WI,September,1
TN,KS,September,1
TN,PA,September,1
FL,PA,September,1
IA,IN,September,1
WA,AZ,September,1
CA,MO,September,1
TX,NY,September,1
SD,IL,September,1
CO,MO,September,1
GA,WI,September,1
WA,IA,September,1
CA,MI,September,1
WI,KY,September,1
WI,CA,September,1
CO,IL,September,1
IL,FL,September,1
ID,IA,September,1
CA,IN,September,1
VA,OH,September,1
SC,TX,September,1
CT,WI,September,1
FL,MO,September,1
PA,TN,September,1
KS,FL,September,1
AZ,WI,September,1
MS,FL,September,1
WA,CO,September,1
MS,TX,September,1
AR,MN,September,1
TX,AR,September,1
PA,NC,September,1
CO,OK,September,1
SC,PA,September,1
FL,NC,September,1
TX,KY,September,1
UT,MN,September,1
WV,VA,September,1
OH,KY,September,1
IA,MI,September,1
NY,SC,September,1
OH,TX,September,1
FL,KS,September,1
WV,IN,September,1
OH,FL,September,1
MO,IN,September,1
CA,OH,September,1
SC,IA,September,1
CA,SD,September,1
NJ,NY,September,1
KS,OH,September,1
ND,TX,September,1
UT,WA,September,1
CA,CA,October,2403
NY,NY,October,412
IA,IA,October,238
TX,TX,October,209
WI,WI,October,201
CO,CO,October,116
MI,MI,October,107
MN,MN,October,86
NY,PA,October,72
NY,VT,October,68
FL,FL,October,68
KY,KY,October,61
ID,ID,October,61
MN,IA,October,49
AZ,AZ,October,48
NM,TX,October,47
WI,IA,October,43
IA,WI,October,39
NY,MI,October,39
OH,OH,October,37
NM,NM,October,34
MN,WI,October,34
NY,OH,October,33
WA,WA,October,30
PA,PA,October,28
KS,KS,October,28
IA,MN,October,28
TX,NM,October,27
VT,VT,October,22
WI,MI,October,21
WI,MN,October,21
NY,WI,October,20
IN,IN,October,17
NY,IN,October,16
OK,TX,October,15
NY,KY,October,15
NY,IA,October,15
IA,SD,October,15
SD,SD,October,15
TN,KY,October,15
MI,IN,October,14
SD,IA,October,14
CA,AZ,October,14
TX,CA,October,14
MI,WI,October,13
NY,CT,October,13
ID,CA,October,13
ND,SD,October,12
AZ,CA,October,12
TX,KS,October,12
TN,TN,October,12
IL,WI,October,12
ND,IA,October,12
TX,CO,October,12
MN,SD,October,11
KY,IN,October,11
WI,IL,October,11
OH,IN,October,10
NY,ME,October,10
TX,IA,October,10
NE,NE,October,10
OK,OK,October,10
WI,IN,October,9
ND,MN,October,9
MI,OH,October,9
OH,MI,October,9
KY,TN,October,9
FL,GA,October,9
TX,OK,October,9
IL,IA,October,8
CO,KS,October,8
CO,TX,October,8
IL,IL,October,8
CO,CA,October,8
OR,OR,October,8
WA,CA,October,8
NY,NH,October,8
VA,VA,October,8
PA,NY,October,8
OK,KS,October,8
NE,IA,October,7
KS,TX,October,7
OR,CA,October,7
KY,OH,October,7
UT,UT,October,7
NY,VA,October,7
TX,AZ,October,7
ND,WI,October,7
KS,CO,October,7
NY,TX,October,7
ID,UT,October,7
IA,IL,October,7
NY,FL,October,6
CO,IA,October,6
KS,IA,October,6
IN,MI,October,6
NY,GA,October,6
UT,CA,October,6
NY,MD,October,6
NC,NC,October,6
TX,WI,October,6
NY,CA,October,6
CA,ID,October,6
NY,MN,October,5
IA,NE,October,5
IN,OH,October,5
SD,MN,October,5
SC,GA,October,5
OH,KY,October,5
NY,NC,October,5
NY,TN,October,5
GA,GA,October,5
IL,IN,October,5
WI,OH,October,5
KY,MI,October,5
OR,WA,October,5
ND,CA,October,5
TN,GA,October,4
KY,IA,October,4
WI,KY,October,4
PA,OH,October,4
NY,IL,October,4
IA,MI,October,4
KY,WI,October,4
ND,ND,October,4
VT,NY,October,4
UT,ID,October,4
MI,IA,October,4
IN,KY,October,4
ND,CO,October,4
AR,TX,October,4
CO,NE,October,4
WI,SD,October,4
CA,TX,October,4
IL,MI,October,4
MN,MI,October,3
MD,PA,October,3
TX,KY,October,3
TN,IN,October,3
CA,UT,October,3
IN,WI,October,3
OH,WI,October,3
TN,IA,October,3
TX,MI,October,3
IA,IN,October,3
CA,CO,October,3
CO,SD,October,3
KY,GA,October,3
TX,FL,October,3
CO,WI,October,3
IL,KY,October,3
NY,KS,October,3
NY,SD,October,3
WI,TX,October,3
AR,AR,October,3
PA,MI,October,3
VA,PA,October,3
WA,ID,October,3
NM,CO,October,3
TX,MN,October,3
AZ,TX,October,3
NY,CO,October,3
OH,PA,October,3
CO,AZ,October,3
KY,IL,October,3
IA,KS,October,3
KS,CA,October,3
OK,IA,October,3
KS,WI,October,3
TN,OH,October,3
WA,OR,October,3
TN,WI,October,3
AR,IA,October,2
OR,ID,October,2
TX,IN,October,2
ND,TX,October,2
TX,SD,October,2
PA,MD,October,2
OH,NY,October,2
KS,OK,October,2
TN,FL,October,2
MI,KY,October,2
TN,MI,October,2
NM,AZ,October,2
ND,MI,October,2
ME,ME,October,2
VA,NC,October,2
OK,CO,October,2
VA,KY,October,2
WI,CA,October,2
ID,CO,October,2
NY,NJ,October,2
NY,MA,October,2
TN,TX,October,2
WI,KS,October,2
KY,TX,October,2
CO,ID,October,2
OH,IA,October,2
VA,OH,October,2
MI,NY,October,2
IA,MO,October,2
KS,NE,October,2
CO,MN,October,2
IN,IA,October,2
NM,CA,October,2
TX,ID,October,2
SC,NC,October,2
NE,SD,October,2
TX,OH,October,2
SD,WI,October,2
TX,NE,October,2
KY,FL,October,2
CO,NM,October,2
WI,NY,October,2
ND,KS,October,2
MN,IN,October,2
WV,OH,October,2
IA,TX,October,2
CA,IA,October,2
SC,FL,October,2
NM,KS,October,2
CO,UT,October,2
TX,GA,October,2
WI,CO,October,2
TX,AR,October,2
SC,KY,October,2
MT,MT,October,2
FL,KY,October,2
ID,TX,October,2
ND,NE,October,2
CA,WA,October,2
IA,CO,October,2
SC,SC,October,2
ID,WA,October,2
TX,MO,October,2
FL,TX,October,2
PA,KY,October,2
MI,IL,October,2
IL,OH,October,2
CT,CT,October,2
ID,AZ,October,2
IA,KY,October,2
MN,CA,October,1
PA,WI,October,1
AZ,CO,October,1
IL,MN,October,1
MN,IL,October,1
MN,TX,October,1
MN,NE,October,1
MN,CO,October,1
TX,IL,October,1
PA,IN,October,1
UT,CO,October,1
TN,NC,October,1
MD,MD,October,1
WV,PA,October,1
NY,WV,October,1
KY,NY,October,1
NY,MO,October,1
NY,AZ,October,1
TX,UT,October,1
IA,OH,October,1
NE,KS,October,1
SD,NE,October,1
ND,ID,October,1
CA,OR,October,1
MT,CA,October,1
KY,PA,October,1
IA,CA,October,1
PA,VA,October,1
ID,IA,October,1
NJ,PA,October,1
MN,KS,October,1
KS,MN,October,1
IN,IL,October,1
CO,MI,October,1
CA,NV,October,1
MI,MN,October,1
TX,TN,October,1
AR,KS,October,1
AR,MO,October,1
AR,KY,October,1
MO,MO,October,1
MI,PA,October,1
NY,NE,October,1
WY,CO,October,1
TN,IL,October,1
KS,SD,October,1
WI,NE,October,1
AR,WI,October,1
TN,CA,October,1
OK,CA,October,1
FL,IA,October,1
WI,MO,October,1
CO,OK,October,1
KY,NC,October,1
ND,IN,October,1
NV,CA,October,1
SC,TN,October,1
PA,IA,October,1
UT,AZ,October,1
TX,NY,October,1
VA,MI,October,1
KY,CA,October,1
MN,KY,October,1
NY,OK,October,1
WI,PA,October,1
ID,OR,October,1
ND,MT,October,1
VA,NY,October,1
VA,TN,October,1
KY,VA,October,1
CA,KS,October,1
KS,MO,October,1
AR,OK,October,1
WI,TN,October,1
KS,NM,October,1
AZ,NM,October,1
WV,KY,October,1
PA,VT,October,1
WV,VA,October,1
WI,FL,October,1
CT,NY,October,1
VA,IN,October,1
NC,KY,October,1
NC,VA,October,1
KS,MI,October,1
MT,ID,October,1
CA,NM,October,1
CO,WY,October,1
WA,IA,October,1
WA,TX,October,1
KY,MN,October,1
WI,GA,October,1
OK,NM,October,1
MN,OH,October,1
UT,TX,October,1
NY,ID,October,1
IL,TX,October,1
TN,NY,October,1
ND,AZ,October,1
CO,KY,October,1
ND,KY,October,1
NE,CO,October,1
FL,TN,October,1
KS,AZ,October,1
OK,WI,October,1
VA,GA,October,1
AZ,IA,October,1
TN,PA,October,1
NM,IA,October,1
ID,MT,October,1
CA,WI,October,1
OK,AR,October,1
TN,VA,October,1
NY,SC,October,1
FL,WI,October,1
OH,IL,October,1
NM,OK,October,1
NC,GA,October,1
TX,PA,October,1
ND,OH,October,1
SD,CO,October,1
KY,MO,October,1
CO,IN,October,1
NC,TN,October,1
WA,CO,October,1
TN,KS,October,1
KY,KS,October,1
TN,MN,October,1
WV,MI,October,1
OH,TN,October,1
VT,NH,October,1
NY,AR,October,1
AR,IN,October,1
IL,CA,October,1
SC,OH,October,1
OK,MO,October,1
KS,KY,October,1
VT,ME,October,1
AR,CA,October,1
FL,MI,October,1
FL,CA,October,1
NJ,NY,October,1
VA,WI,October,1
FL,IN,October,1
ID,WI,October,1
KS,IN,October,1
NE,MN,October,1
OH,TX,October,1
VA,MD,October,1
IL,MO,October,1
OH,GA,October,1
CA,SD,October,1
FL,OH,October,1
GA,FL,October,1
WA,AZ,October,1
MO,IA,October,1
AR,MI,October,1
OH,FL,October,1
MS,MS,October,1
OH,VA,October,1
WV,IN,October,1
SC,IA,October,1
CA,CA,November,2327
NY,NY,November,399
IA,IA,November,230
TX,TX,November,203
WI,WI,November,194
CO,CO,November,112
MI,MI,November,104
MN,MN,November,84
NY,PA,November,70
NY,VT,November,66
FL,FL,November,65
KY,KY,November,60
ID,ID,November,59
MN,IA,November,47
AZ,AZ,November,46
NM,TX,November,45
WI,IA,November,42
IA,WI,November,38
NY,MI,November,38
OH,OH,November,35
NM,NM,November,33
MN,WI,November,33
NY,OH,November,32
WA,WA,November,29
IA,MN,November,27
PA,PA,November,27
KS,KS,November,27
TX,NM,November,26
VT,VT,November,21
WI,MI,November,20
WI,MN,November,20
NY,WI,November,19
NY,IN,November,16
IN,IN,November,16
NY,KY,November,15
OK,TX,November,15
NY,IA,November,15
IA,SD,November,14
TN,KY,November,14
SD,SD,November,14
MI,IN,November,14
SD,IA,November,14
TX,CA,November,14
CA,AZ,November,13
MI,WI,November,13
NY,CT,November,12
ID,CA,November,12
AZ,CA,November,12
ND,SD,November,12
TN,TN,November,12
TX,KS,November,12
IL,WI,November,12
TX,CO,November,12
ND,IA,November,11
MN,SD,November,11
WI,IL,November,10
KY,IN,November,10
OH,IN,November,10
NY,ME,November,10
OK,OK,November,9
NE,NE,November,9
ND,MN,November,9
MI,OH,November,9
TX,IA,November,9
WI,IN,November,9
TX,OK,November,9
OH,MI,November,9
KY,TN,November,9
FL,GA,November,8
IL,IA,November,8
CO,KS,November,8
IL,IL,November,8
CO,TX,November,8
OR,OR,November,8
CO,CA,November,8
PA,NY,November,8
WA,CA,November,8
VA,VA,November,7
NY,NH,November,7
OK,KS,November,7
OR,CA,November,7
KS,TX,November,7
NE,IA,November,7
ND,WI,November,7
NY,VA,November,7
KY,OH,November,7
UT,UT,November,7
KS,CO,November,7
TX,AZ,November,7
NY,TX,November,7
NY,FL,November,6
IA,IL,November,6
CO,IA,November,6
ID,UT,November,6
KS,IA,November,6
IN,MI,November,6
NY,GA,November,6
UT,CA,November,6
NY,MD,November,6
NC,NC,November,6
TX,WI,November,5
NY,CA,November,5
IA,NE,November,5
CA,ID,November,5
NY,MN,November,5
IN,OH,November,5
SD,MN,November,5
SC,GA,November,5
OH,KY,November,5
WI,OH,November,5
IL,IN,November,5
KY,MI,November,5
NY,NC,November,5
GA,GA,November,5
NY,TN,November,4
ND,CA,November,4
OR,WA,November,4
TN,GA,November,4
IA,MI,November,4
NY,IL,November,4
WI,KY,November,4
KY,IA,November,4
PA,OH,November,4
ND,ND,November,4
UT,ID,November,4
MI,IA,November,4
VT,NY,November,4
KY,WI,November,4
IN,KY,November,4
ND,CO,November,4
AR,TX,November,4
CA,TX,November,4
CO,NE,November,3
WI,SD,November,3
TX,KY,November,3
IL,MI,November,3
MN,MI,November,3
TN,IN,November,3
CA,UT,November,3
IN,WI,November,3
MD,PA,November,3
OH,WI,November,3
TN,IA,November,3
CO,SD,November,3
TX,MI,November,3
TX,FL,November,3
IA,IN,November,3
NY,CO,November,3
KY,GA,November,3
CA,CO,November,3
WI,TX,November,3
NY,KS,November,3
CO,WI,November,3
AR,AR,November,3
AZ,TX,November,3
NY,SD,November,3
NM,CO,November,3
TX,MN,November,3
VA,PA,November,3
IL,KY,November,3
PA,MI,November,3
WA,ID,November,3
CO,AZ,November,3
OH,PA,November,3
WA,OR,November,3
KY,IL,November,3
IA,KS,November,3
KS,CA,November,3
TN,OH,November,3
ND,TX,November,3
OK,IA,November,2
TX,SD,November,2
AR,IA,November,2
TX,IN,November,2
OR,ID,November,2
KS,WI,November,2
MI,KY,November,2
TN,WI,November,2
PA,MD,November,2
VA,KY,November,2
TN,FL,November,2
TN,MI,November,2
KS,OK,November,2
TN,TX,November,2
NM,AZ,November,2
WI,CA,November,2
ME,ME,November,2
ND,MI,November,2
OK,CO,November,2
NY,NJ,November,2
ID,CO,November,2
VA,NC,November,2
OH,NY,November,2
IN,IA,November,2
CO,ID,November,2
SC,NC,November,2
CO,MN,November,2
NY,MA,November,2
VA,OH,November,2
KY,TX,November,2
OH,IA,November,2
NM,CA,November,2
IA,MO,November,2
WI,KS,November,2
TX,ID,November,2
KY,FL,November,2
SD,WI,November,2
KS,NE,November,2
WI,NY,November,2
CO,NM,November,2
SC,FL,November,2
MI,NY,November,2
NE,SD,November,2
CA,IA,November,2
TX,NE,November,2
WV,OH,November,2
TX,OH,November,2
TX,GA,November,2
MN,IN,November,2
ND,KS,November,2
CO,UT,November,2
IA,TX,November,2
SC,KY,November,2
WI,CO,November,2
MT,MT,November,2
NM,KS,November,2
FL,KY,November,2
PA,KY,November,2
TX,AR,November,2
SC,SC,November,2
IA,CO,November,2
CA,WA,November,2
CT,CT,November,2
MN,NE,November,2
ND,NE,November,2
IL,OH,November,1
MI,IL,November,1
TX,MO,November,1
ID,TX,November,1
IL,MN,November,1
FL,TX,November,1
MN,IL,November,1
ID,WA,November,1
IA,KY,November,1
PA,IN,November,1
MN,TX,November,1
TX,IL,November,1
ID,AZ,November,1
AZ,CO,November,1
PA,WI,November,1
NY,MO,November,1
TX,UT,November,1
AR,MO,November,1
KY,PA,November,1
UT,CO,November,1
NY,AZ,November,1
KS,MN,November,1
TN,NC,November,1
ID,IA,November,1
CA,NV,November,1
MN,CO,November,1
NJ,PA,November,1
MN,CA,November,1
MN,KS,November,1
AR,KY,November,1
CA,OR,November,1
WV,PA,November,1
IA,OH,November,1
KY,NY,November,1
NY,WV,November,1
CO,MI,November,1
IA,CA,November,1
MI,MN,November,1
MD,MD,November,1
NE,KS,November,1
ND,ID,November,1
SD,NE,November,1
PA,VA,November,1
NY,NE,November,1
IN,IL,November,1
MO,MO,November,1
MT,CA,November,1
WI,NE,November,1
AR,KS,November,1
TN,IL,November,1
KS,SD,November,1
KY,NC,November,1
TN,CA,November,1
WY,CO,November,1
TX,TN,November,1
MI,PA,November,1
PA,IA,November,1
FL,IA,November,1
NY,OK,November,1
OK,CA,November,1
UT,AZ,November,1
NV,CA,November,1
CO,OK,November,1
ND,IN,November,1
AR,WI,November,1
VA,MI,November,1
WI,PA,November,1
TX,NY,November,1
SC,TN,November,1
WI,MO,November,1
MN,KY,November,1
VA,NY,November,1
ID,OR,November,1
WI,FL,November,1
AZ,NM,November,1
CA,KS,November,1
VA,TN,November,1
ND,MT,November,1
AR,OK,November,1
KY,VA,November,1
WI,TN,November,1
KY,CA,November,1
KY,MN,November,1
KS,MI,November,1
VA,IN,November,1
CT,NY,November,1
MT,ID,November,1
WV,KY,November,1
KS,MO,November,1
NE,CO,November,1
CA,NM,November,1
MN,OH,November,1
WV,VA,November,1
CO,WY,November,1
KS,NM,November,1
IL,TX,November,1
PA,VT,November,1
OK,WI,November,1
UT,TX,November,1
NM,IA,November,1
WA,IA,November,1
WA,TX,November,1
NC,KY,November,1
NC,VA,November,1
WI,GA,November,1
ND,AZ,November,1
ND,KY,November,1
FL,TN,November,1
NM,OK,November,1
NY,ID,November,1
OK,NM,November,1
CO,KY,November,1
ND,OH,November,1
ID,MT,November,1
AZ,IA,November,1
CA,WI,November,1
CO,IN,November,1
NC,GA,November,1
VA,GA,November,1
OH,IL,November,1
TN,NY,November,1
KS,AZ,November,1
TX,PA,November,1
TN,PA,November,1
OH,TN,November,1
NY,SC,November,1
WA,CO,November,1
FL,WI,November,1
OK,AR,November,1
FL,MI,November,1
NY,AR,November,1
NC,TN,November,1
KY,KS,November,1
KY,MO,November,1
SD,CO,November,1
WV,MI,November,1
AR,CA,November,1
IL,CA,November,1
KS,KY,November,1
TN,VA,November,1
AR,IN,November,1
VT,ME,November,1
TN,KS,November,1
OK,MO,November,1
KS,IN,November,1
ID,WI,November,1
VA,WI,November,1
VT,NH,November,1
IL,MO,November,1
GA,FL,November,1
WA,AZ,November,1
NY,NM,November,1
FL,IN,November,1
FL,CA,November,1
AZ,ID,November,1
MS,MS,November,1
TN,MN,November,1
VA,MD,November,1
MO,IA,November,1
CA,CA,December,2401
NY,NY,December,410
IA,IA,December,237
TX,TX,December,210
WI,WI,December,201
CO,CO,December,116
MI,MI,December,107
MN,MN,December,86
NY,PA,December,72
NY,VT,December,68
FL,FL,December,68
KY,KY,December,62
ID,ID,December,61
MN,IA,December,49
AZ,AZ,December,48
NM,TX,December,48
WI,IA,December,44
NY,MI,December,39
IA,WI,December,39
OH,OH,December,37
NM,NM,December,34
MN,WI,December,34
NY,OH,December,33
WA,WA,December,30
PA,PA,December,28
IA,MN,December,28
KS,KS,December,27
TX,NM,December,27
VT,VT,December,21
WI,MI,December,21
WI,MN,December,20
NY,WI,December,20
IN,IN,December,17
NY,IN,December,16
OK,TX,December,15
NY,KY,December,15
NY,IA,December,15
IA,SD,December,15
TN,KY,December,15
SD,SD,December,15
SD,IA,December,14
MI,IN,December,14
CA,AZ,December,14
TX,CA,December,14
MI,WI,December,14
NY,CT,December,13
ND,SD,December,12
ID,CA,December,12
AZ,CA,December,12
TX,KS,December,12
IL,WI,December,12
TX,CO,December,12
TN,TN,December,12
ND,IA,December,12
MN,SD,December,11
KY,IN,December,11
WI,IL,December,11
OH,IN,December,11
NY,ME,December,10
OK,OK,December,10
NE,NE,December,10
ND,MN,December,10
TX,IA,December,10
MI,OH,December,9
WI,IN,December,9
KY,TN,December,9
OH,MI,December,9
FL,GA,December,9
TX,OK,December,9
CO,KS,December,9
IL,IA,December,9
IL,IL,December,8
CO,TX,December,8
CO,CA,December,8
OR,OR,December,8
WA,CA,December,8
PA,NY,December,8
NY,NH,December,8
VA,VA,December,7
OR,CA,December,7
KS,TX,December,7
OK,KS,December,7
UT,UT,December,7
NY,VA,December,7
NE,IA,December,7
KY,OH,December,7
ND,WI,December,7
TX,AZ,December,7
KS,CO,December,7
NY,TX,December,7
IA,IL,December,7
NY,FL,December,7
CO,IA,December,7
ID,UT,December,6
KS,IA,December,6
NY,GA,December,6
IN,MI,December,6
TX,WI,December,6
UT,CA,December,6
NY,MD,December,6
NY,CA,December,6
CA,ID,December,6
NC,NC,December,6
IA,NE,December,6
NY,MN,December,5
SD,MN,December,5
IN,OH,December,5
OH,KY,December,5
SC,GA,December,5
NY,TN,December,5
WI,OH,December,5
IL,IN,December,5
NY,NC,December,5
ND,CA,December,5
KY,MI,December,5
OR,WA,December,5
GA,GA,December,4
PA,OH,December,4
TN,GA,December,4
NY,IL,December,4
IA,MI,December,4
KY,IA,December,4
WI,KY,December,4
ND,ND,December,4
UT,ID,December,4
MI,IA,December,4
VT,NY,December,4
KY,WI,December,4
ND,CO,December,4
AR,TX,December,4
IN,KY,December,4
CO,NE,December,4
CA,TX,December,4
IL,MI,December,4
TX,KY,December,3
WI,SD,December,3
TN,IN,December,3
MN,MI,December,3
CA,UT,December,3
MD,PA,December,3
OH,WI,December,3
TN,IA,December,3
CO,SD,December,3
IN,WI,December,3
TX,MI,December,3
CO,WI,December,3
NY,CO,December,3
IA,IN,December,3
CA,CO,December,3
TX,FL,December,3
NY,KS,December,3
KY,GA,December,3
IL,KY,December,3
WI,TX,December,3
NM,CO,December,3
TX,MN,December,3
NY,SD,December,3
PA,MI,December,3
AR,AR,December,3
WA,ID,December,3
VA,PA,December,3
AZ,TX,December,3
OH,PA,December,3
WA,OR,December,3
CO,AZ,December,3
IA,KS,December,3
KY,IL,December,3
KS,CA,December,3
TX,IN,December,3
TN,OH,December,3
OR,ID,December,3
OK,IA,December,3
ND,TX,December,2
ME,ME,December,2
TN,WI,December,2
AR,IA,December,2
TN,FL,December,2
OK,CO,December,2
PA,MD,December,2
MI,KY,December,2
WI,CA,December,2
TX,SD,December,2
VA,KY,December,2
NM,AZ,December,2
TN,TX,December,2
ND,MI,December,2
TN,MI,December,2
KS,WI,December,2
OH,NY,December,2
VA,NC,December,2
ID,CO,December,2
KS,OK,December,2
NY,NJ,December,2
KY,TX,December,2
VA,OH,December,2
OH,IA,December,2
CO,ID,December,2
NM,CA,December,2
IN,IA,December,2
SC,NC,December,2
KS,NE,December,2
NY,MA,December,2
TX,ID,December,2
IA,MO,December,2
WI,KS,December,2
CO,MN,December,2
SD,WI,December,2
MI,NY,December,2
CO,NM,December,2
TX,OH,December,2
KY,FL,December,2
NE,SD,December,2
WI,NY,December,2
SC,FL,December,2
TX,NE,December,2
WV,OH,December,2
CA,IA,December,2
ND,KS,December,2
TX,GA,December,2
TX,AR,December,2
CO,UT,December,2
IA,TX,December,2
NM,KS,December,2
FL,KY,December,2
SC,KY,December,2
MN,IN,December,2
MT,MT,December,2
WI,CO,December,2
SC,SC,December,2
PA,KY,December,2
ND,NE,December,2
CA,WA,December,2
IA,CO,December,2
ID,WA,December,2
CT,CT,December,2
IL,OH,December,2
TX,MO,December,2
ID,TX,December,2
MN,IL,December,2
IL,MN,December,2
IA,KY,December,2
PA,WI,December,1
MN,NE,December,1
ID,AZ,December,1
AZ,CO,December,1
MI,IL,December,1
FL,TX,December,1
MN,CA,December,1
TX,UT,December,1
MN,CO,December,1
AR,MO,December,1
UT,CO,December,1
MD,MD,December,1
ID,IA,December,1
TX,IL,December,1
PA,IN,December,1
AR,KY,December,1
NY,MO,December,1
PA,VA,December,1
WV,PA,December,1
KY,NY,December,1
KS,MN,December,1
MN,TX,December,1
TN,IL,December,1
CA,OR,December,1
SD,NE,December,1
KY,PA,December,1
MN,KS,December,1
NJ,PA,December,1
NE,KS,December,1
NY,WV,December,1
NY,AZ,December,1
IA,OH,December,1
IA,CA,December,1
CA,NV,December,1
ND,ID,December,1
MO,MO,December,1
TN,NC,December,1
CO,MI,December,1
TX,TN,December,1
AR,KS,December,1
MI,MN,December,1
MT,CA,December,1
KS,SD,December,1
IN,IL,December,1
NY,NE,December,1
WI,NE,December,1
WI,MO,December,1
KY,NC,December,1
CO,OK,December,1
TN,CA,December,1
MI,PA,December,1
WY,CO,December,1
KY,CA,December,1
WI,PA,December,1
VA,MI,December,1
SC,TN,December,1
AR,WI,December,1
FL,IA,December,1
NV,CA,December,1
OK,CA,December,1
MN,KY,December,1
ND,IN,December,1
TX,NY,December,1
WI,FL,December,1
AR,OK,December,1
PA,IA,December,1
UT,AZ,December,1
NY,OK,December,1
CA,KS,December,1
VA,TN,December,1
ND,MT,December,1
CT,NY,December,1
WV,VA,December,1
AZ,NM,December,1
ID,OR,December,1
VA,NY,December,1
VA,IN,December,1
KS,MO,December,1
WI,TN,December,1
MT,ID,December,1
WI,GA,December,1
KS,NM,December,1
NE,CO,December,1
KY,MN,December,1
KY,VA,December,1
WV,KY,December,1
PA,VT,December,1
OK,NM,December,1
OK,WI,December,1
UT,TX,December,1
WA,IA,December,1
CO,WY,December,1
IL,TX,December,1
CA,NM,December,1
FL,TN,December,1
MN,OH,December,1
ND,KY,December,1
KS,MI,December,1
TN,NY,December,1
NC,VA,December,1
AZ,IA,December,1
ND,AZ,December,1
NC,KY,December,1
NY,ID,December,1
KS,AZ,December,1
KY,KS,December,1
NM,OK,December,1
NC,GA,December,1
WA,TX,December,1
ND,OH,December,1
VA,GA,December,1
CO,IN,December,1
FL,WI,December,1
CO,KY,December,1
NM,IA,December,1
ID,MT,December,1
TN,PA,December,1
SD,CO,December,1
WA,CO,December,1
OH,IL,December,1
OK,AR,December,1
OH,TN,December,1
NC,TN,December,1
CA,WI,December,1
AR,CA,December,1
TN,VA,December,1
VT,NH,December,1
KY,MO,December,1
NY,SC,December,1
TX,PA,December,1
KS,KY,December,1
OK,MO,December,1
FL,IN,December,1
TN,MN,December,1
TN,KS,December,1
IL,CA,December,1
NY,AR,December,1
FL,OH,December,1
WV,MI,December,1
IL,MO,December,1
VA,WI,December,1
AR,IN,December,1
VT,ME,December,1
FL,MI,December,1
OH,GA,December,1
MS,MS,December,1
SC,IA,December,1
KS,IN,December,1
OH,TX,December,1
GA,FL,December,1
SC,OH,December,1
FL,CA,December,1
NE,MN,December,1
ID,WI,December,1
AZ,ID,December,1
VA,MD,December,1
PA,FL,December,1
ID,KS,December,1
NY,NM,December,1
OH,VA,December,1
